 #curvature dimR dimRini Xulimit dimf factorMCsteps#
           3          20           0           5   6.0000000000000000              100
           1           1          -5   0.0000000000000000     
           1           1          -4   0.0000000000000000     
           1           1          -3   0.0000000000000000     
           1           1          -2   0.0000000000000000     
           1           1          -1   1.3433582459019499E-002
           1           1           0   4.8912364902896320E-002
           1           1           1   1.3433582459019513E-002
           1           1           2   0.0000000000000000     
           1           1           3   0.0000000000000000     
           1           1           4   0.0000000000000000     
           1           1           5   0.0000000000000000     
           1           2          -5   0.0000000000000000     
           1           2          -4   0.0000000000000000     
           1           2          -3   0.0000000000000000     
           1           2          -2   0.0000000000000000     
           1           2          -1   1.0141554621169897E-002
           1           2           0   5.3846982879696512E-002
           1           2           1   1.0141554621169892E-002
           1           2           2   0.0000000000000000     
           1           2           3   0.0000000000000000     
           1           2           4   0.0000000000000000     
           1           2           5   0.0000000000000000     
           1           3          -5   0.0000000000000000     
           1           3          -4   0.0000000000000000     
           1           3          -3   0.0000000000000000     
           1           3          -2   0.0000000000000000     
           1           3          -1   5.2466689914175387E-003
           1           3           0   6.3631361839347089E-002
           1           3           1   5.2466689914175387E-003
           1           3           2   0.0000000000000000     
           1           3           3   0.0000000000000000     
           1           3           4   0.0000000000000000     
           1           3           5   0.0000000000000000     
           1           4          -5   0.0000000000000000     
           1           4          -4   0.0000000000000000     
           1           4          -3   0.0000000000000000     
           1           4          -2   0.0000000000000000     
           1           4          -1   2.1277607312481235E-003
           1           4           0   3.4522147484728989E-002
           1           4           1   2.1277607312481244E-003
           1           4           2   0.0000000000000000     
           1           4           3   0.0000000000000000     
           1           4           4   0.0000000000000000     
           1           4           5   0.0000000000000000     
           1           5          -5   0.0000000000000000     
           1           5          -4   0.0000000000000000     
           1           5          -3   0.0000000000000000     
           1           5          -2   0.0000000000000000     
           1           5          -1   5.5583084532606609E-004
           1           5           0   8.0115776488230393E-003
           1           5           1   5.5583084532606598E-004
           1           5           2   0.0000000000000000     
           1           5           3   0.0000000000000000     
           1           5           4   0.0000000000000000     
           1           5           5   0.0000000000000000     
           1           6          -5   0.0000000000000000     
           1           6          -4   0.0000000000000000     
           1           6          -3   0.0000000000000000     
           1           6          -2   0.0000000000000000     
           1           6          -1   2.4164965763225936E-005
           1           6           0   1.6763045506938657E-003
           1           6           1   2.4164965763225926E-005
           1           6           2   0.0000000000000000     
           1           6           3   0.0000000000000000     
           1           6           4   0.0000000000000000     
           1           6           5   0.0000000000000000     
           1           7          -5   0.0000000000000000     
           1           7          -4   0.0000000000000000     
           1           7          -3   0.0000000000000000     
           1           7          -2   0.0000000000000000     
           1           7          -1   0.0000000000000000     
           1           7           0   0.0000000000000000     
           1           7           1   0.0000000000000000     
           1           7           2   0.0000000000000000     
           1           7           3   0.0000000000000000     
           1           7           4   0.0000000000000000     
           1           7           5   0.0000000000000000     
           1           8          -5   0.0000000000000000     
           1           8          -4   0.0000000000000000     
           1           8          -3   0.0000000000000000     
           1           8          -2   0.0000000000000000     
           1           8          -1   0.0000000000000000     
           1           8           0   0.0000000000000000     
           1           8           1   0.0000000000000000     
           1           8           2   0.0000000000000000     
           1           8           3   0.0000000000000000     
           1           8           4   0.0000000000000000     
           1           8           5   0.0000000000000000     
           1           9          -5   0.0000000000000000     
           1           9          -4   0.0000000000000000     
           1           9          -3   0.0000000000000000     
           1           9          -2   0.0000000000000000     
           1           9          -1   0.0000000000000000     
           1           9           0   0.0000000000000000     
           1           9           1   0.0000000000000000     
           1           9           2   0.0000000000000000     
           1           9           3   0.0000000000000000     
           1           9           4   0.0000000000000000     
           1           9           5   0.0000000000000000     
           1          10          -5   0.0000000000000000     
           1          10          -4   0.0000000000000000     
           1          10          -3   0.0000000000000000     
           1          10          -2   0.0000000000000000     
           1          10          -1   0.0000000000000000     
           1          10           0   0.0000000000000000     
           1          10           1   0.0000000000000000     
           1          10           2   0.0000000000000000     
           1          10           3   0.0000000000000000     
           1          10           4   0.0000000000000000     
           1          10           5   0.0000000000000000     
           1          11          -5   0.0000000000000000     
           1          11          -4   0.0000000000000000     
           1          11          -3   0.0000000000000000     
           1          11          -2   0.0000000000000000     
           1          11          -1   0.0000000000000000     
           1          11           0   0.0000000000000000     
           1          11           1   0.0000000000000000     
           1          11           2   0.0000000000000000     
           1          11           3   0.0000000000000000     
           1          11           4   0.0000000000000000     
           1          11           5   0.0000000000000000     
           1          12          -5   0.0000000000000000     
           1          12          -4   0.0000000000000000     
           1          12          -3   0.0000000000000000     
           1          12          -2   0.0000000000000000     
           1          12          -1   0.0000000000000000     
           1          12           0   0.0000000000000000     
           1          12           1   0.0000000000000000     
           1          12           2   0.0000000000000000     
           1          12           3   0.0000000000000000     
           1          12           4   0.0000000000000000     
           1          12           5   0.0000000000000000     
           1          13          -5   0.0000000000000000     
           1          13          -4   0.0000000000000000     
           1          13          -3   0.0000000000000000     
           1          13          -2   0.0000000000000000     
           1          13          -1   0.0000000000000000     
           1          13           0   0.0000000000000000     
           1          13           1   0.0000000000000000     
           1          13           2   0.0000000000000000     
           1          13           3   0.0000000000000000     
           1          13           4   0.0000000000000000     
           1          13           5   0.0000000000000000     
           1          14          -5   0.0000000000000000     
           1          14          -4   0.0000000000000000     
           1          14          -3   0.0000000000000000     
           1          14          -2   0.0000000000000000     
           1          14          -1   0.0000000000000000     
           1          14           0   0.0000000000000000     
           1          14           1   0.0000000000000000     
           1          14           2   0.0000000000000000     
           1          14           3   0.0000000000000000     
           1          14           4   0.0000000000000000     
           1          14           5   0.0000000000000000     
           1          15          -5   0.0000000000000000     
           1          15          -4   0.0000000000000000     
           1          15          -3   0.0000000000000000     
           1          15          -2   0.0000000000000000     
           1          15          -1   0.0000000000000000     
           1          15           0   0.0000000000000000     
           1          15           1   0.0000000000000000     
           1          15           2   0.0000000000000000     
           1          15           3   0.0000000000000000     
           1          15           4   0.0000000000000000     
           1          15           5   0.0000000000000000     
           1          16          -5   0.0000000000000000     
           1          16          -4   0.0000000000000000     
           1          16          -3   0.0000000000000000     
           1          16          -2   0.0000000000000000     
           1          16          -1   2.4164965763225170E-005
           1          16           0   1.6763045506943126E-003
           1          16           1   2.4164965763225167E-005
           1          16           2   0.0000000000000000     
           1          16           3   0.0000000000000000     
           1          16           4   0.0000000000000000     
           1          16           5   0.0000000000000000     
           1          17          -5   0.0000000000000000     
           1          17          -4   0.0000000000000000     
           1          17          -3   0.0000000000000000     
           1          17          -2   0.0000000000000000     
           1          17          -1   5.5583084532604668E-004
           1          17           0   8.0115776488313608E-003
           1          17           1   5.5583084532604668E-004
           1          17           2   0.0000000000000000     
           1          17           3   0.0000000000000000     
           1          17           4   0.0000000000000000     
           1          17           5   0.0000000000000000     
           1          18          -5   0.0000000000000000     
           1          18          -4   0.0000000000000000     
           1          18          -3   0.0000000000000000     
           1          18          -2   0.0000000000000000     
           1          18          -1   2.1277607312479466E-003
           1          18           0   3.4522147484689417E-002
           1          18           1   2.1277607312479466E-003
           1          18           2   0.0000000000000000     
           1          18           3   0.0000000000000000     
           1          18           4   0.0000000000000000     
           1          18           5   0.0000000000000000     
           1          19          -5   0.0000000000000000     
           1          19          -4   0.0000000000000000     
           1          19          -3   0.0000000000000000     
           1          19          -2   0.0000000000000000     
           1          19          -1   5.2466689914177495E-003
           1          19           0   6.3631361839350739E-002
           1          19           1   5.2466689914177495E-003
           1          19           2   0.0000000000000000     
           1          19           3   0.0000000000000000     
           1          19           4   0.0000000000000000     
           1          19           5   0.0000000000000000     
           1          20          -5   0.0000000000000000     
           1          20          -4   0.0000000000000000     
           1          20          -3   0.0000000000000000     
           1          20          -2   0.0000000000000000     
           1          20          -1   1.0141554621169590E-002
           1          20           0   5.3846982879696664E-002
           1          20           1   1.0141554621169592E-002
           1          20           2   0.0000000000000000     
           1          20           3   0.0000000000000000     
           1          20           4   0.0000000000000000     
           1          20           5   0.0000000000000000     
           2           1          -5   0.0000000000000000     
           2           1          -4   0.0000000000000000     
           2           1          -3   0.0000000000000000     
           2           1          -2   0.0000000000000000     
           2           1          -1   1.0141554621169592E-002
           2           1           0   5.3846982879696671E-002
           2           1           1   1.0141554621169594E-002
           2           1           2   0.0000000000000000     
           2           1           3   0.0000000000000000     
           2           1           4   0.0000000000000000     
           2           1           5   0.0000000000000000     
           2           2          -5   0.0000000000000000     
           2           2          -4   0.0000000000000000     
           2           2          -3   0.0000000000000000     
           2           2          -2   0.0000000000000000     
           2           2          -1   1.3433582459019499E-002
           2           2           0   4.8912364902896320E-002
           2           2           1   1.3433582459019513E-002
           2           2           2   0.0000000000000000     
           2           2           3   0.0000000000000000     
           2           2           4   0.0000000000000000     
           2           2           5   0.0000000000000000     
           2           3          -5   0.0000000000000000     
           2           3          -4   0.0000000000000000     
           2           3          -3   0.0000000000000000     
           2           3          -2   0.0000000000000000     
           2           3          -1   1.0141554621169896E-002
           2           3           0   5.3846982879696512E-002
           2           3           1   1.0141554621169889E-002
           2           3           2   0.0000000000000000     
           2           3           3   0.0000000000000000     
           2           3           4   0.0000000000000000     
           2           3           5   0.0000000000000000     
           2           4          -5   0.0000000000000000     
           2           4          -4   0.0000000000000000     
           2           4          -3   0.0000000000000000     
           2           4          -2   0.0000000000000000     
           2           4          -1   5.2466689914175335E-003
           2           4           0   6.3631361839347089E-002
           2           4           1   5.2466689914175343E-003
           2           4           2   0.0000000000000000     
           2           4           3   0.0000000000000000     
           2           4           4   0.0000000000000000     
           2           4           5   0.0000000000000000     
           2           5          -5   0.0000000000000000     
           2           5          -4   0.0000000000000000     
           2           5          -3   0.0000000000000000     
           2           5          -2   0.0000000000000000     
           2           5          -1   2.1277607312481235E-003
           2           5           0   3.4522147484728989E-002
           2           5           1   2.1277607312481244E-003
           2           5           2   0.0000000000000000     
           2           5           3   0.0000000000000000     
           2           5           4   0.0000000000000000     
           2           5           5   0.0000000000000000     
           2           6          -5   0.0000000000000000     
           2           6          -4   0.0000000000000000     
           2           6          -3   0.0000000000000000     
           2           6          -2   0.0000000000000000     
           2           6          -1   5.5583084532606609E-004
           2           6           0   8.0115776488230359E-003
           2           6           1   5.5583084532606609E-004
           2           6           2   0.0000000000000000     
           2           6           3   0.0000000000000000     
           2           6           4   0.0000000000000000     
           2           6           5   0.0000000000000000     
           2           7          -5   0.0000000000000000     
           2           7          -4   0.0000000000000000     
           2           7          -3   0.0000000000000000     
           2           7          -2   0.0000000000000000     
           2           7          -1   2.4164965763225946E-005
           2           7           0   1.6763045506938657E-003
           2           7           1   2.4164965763225940E-005
           2           7           2   0.0000000000000000     
           2           7           3   0.0000000000000000     
           2           7           4   0.0000000000000000     
           2           7           5   0.0000000000000000     
           2           8          -5   0.0000000000000000     
           2           8          -4   0.0000000000000000     
           2           8          -3   0.0000000000000000     
           2           8          -2   0.0000000000000000     
           2           8          -1   0.0000000000000000     
           2           8           0   0.0000000000000000     
           2           8           1   0.0000000000000000     
           2           8           2   0.0000000000000000     
           2           8           3   0.0000000000000000     
           2           8           4   0.0000000000000000     
           2           8           5   0.0000000000000000     
           2           9          -5   0.0000000000000000     
           2           9          -4   0.0000000000000000     
           2           9          -3   0.0000000000000000     
           2           9          -2   0.0000000000000000     
           2           9          -1   0.0000000000000000     
           2           9           0   0.0000000000000000     
           2           9           1   0.0000000000000000     
           2           9           2   0.0000000000000000     
           2           9           3   0.0000000000000000     
           2           9           4   0.0000000000000000     
           2           9           5   0.0000000000000000     
           2          10          -5   0.0000000000000000     
           2          10          -4   0.0000000000000000     
           2          10          -3   0.0000000000000000     
           2          10          -2   0.0000000000000000     
           2          10          -1   0.0000000000000000     
           2          10           0   0.0000000000000000     
           2          10           1   0.0000000000000000     
           2          10           2   0.0000000000000000     
           2          10           3   0.0000000000000000     
           2          10           4   0.0000000000000000     
           2          10           5   0.0000000000000000     
           2          11          -5   0.0000000000000000     
           2          11          -4   0.0000000000000000     
           2          11          -3   0.0000000000000000     
           2          11          -2   0.0000000000000000     
           2          11          -1   0.0000000000000000     
           2          11           0   0.0000000000000000     
           2          11           1   0.0000000000000000     
           2          11           2   0.0000000000000000     
           2          11           3   0.0000000000000000     
           2          11           4   0.0000000000000000     
           2          11           5   0.0000000000000000     
           2          12          -5   0.0000000000000000     
           2          12          -4   0.0000000000000000     
           2          12          -3   0.0000000000000000     
           2          12          -2   0.0000000000000000     
           2          12          -1   0.0000000000000000     
           2          12           0   0.0000000000000000     
           2          12           1   0.0000000000000000     
           2          12           2   0.0000000000000000     
           2          12           3   0.0000000000000000     
           2          12           4   0.0000000000000000     
           2          12           5   0.0000000000000000     
           2          13          -5   0.0000000000000000     
           2          13          -4   0.0000000000000000     
           2          13          -3   0.0000000000000000     
           2          13          -2   0.0000000000000000     
           2          13          -1   0.0000000000000000     
           2          13           0   0.0000000000000000     
           2          13           1   0.0000000000000000     
           2          13           2   0.0000000000000000     
           2          13           3   0.0000000000000000     
           2          13           4   0.0000000000000000     
           2          13           5   0.0000000000000000     
           2          14          -5   0.0000000000000000     
           2          14          -4   0.0000000000000000     
           2          14          -3   0.0000000000000000     
           2          14          -2   0.0000000000000000     
           2          14          -1   0.0000000000000000     
           2          14           0   0.0000000000000000     
           2          14           1   0.0000000000000000     
           2          14           2   0.0000000000000000     
           2          14           3   0.0000000000000000     
           2          14           4   0.0000000000000000     
           2          14           5   0.0000000000000000     
           2          15          -5   0.0000000000000000     
           2          15          -4   0.0000000000000000     
           2          15          -3   0.0000000000000000     
           2          15          -2   0.0000000000000000     
           2          15          -1   0.0000000000000000     
           2          15           0   0.0000000000000000     
           2          15           1   0.0000000000000000     
           2          15           2   0.0000000000000000     
           2          15           3   0.0000000000000000     
           2          15           4   0.0000000000000000     
           2          15           5   0.0000000000000000     
           2          16          -5   0.0000000000000000     
           2          16          -4   0.0000000000000000     
           2          16          -3   0.0000000000000000     
           2          16          -2   0.0000000000000000     
           2          16          -1   0.0000000000000000     
           2          16           0   0.0000000000000000     
           2          16           1   0.0000000000000000     
           2          16           2   0.0000000000000000     
           2          16           3   0.0000000000000000     
           2          16           4   0.0000000000000000     
           2          16           5   0.0000000000000000     
           2          17          -5   0.0000000000000000     
           2          17          -4   0.0000000000000000     
           2          17          -3   0.0000000000000000     
           2          17          -2   0.0000000000000000     
           2          17          -1   2.4164965763225170E-005
           2          17           0   1.6763045506943122E-003
           2          17           1   2.4164965763225167E-005
           2          17           2   0.0000000000000000     
           2          17           3   0.0000000000000000     
           2          17           4   0.0000000000000000     
           2          17           5   0.0000000000000000     
           2          18          -5   0.0000000000000000     
           2          18          -4   0.0000000000000000     
           2          18          -3   0.0000000000000000     
           2          18          -2   0.0000000000000000     
           2          18          -1   5.5583084532604668E-004
           2          18           0   8.0115776488313608E-003
           2          18           1   5.5583084532604668E-004
           2          18           2   0.0000000000000000     
           2          18           3   0.0000000000000000     
           2          18           4   0.0000000000000000     
           2          18           5   0.0000000000000000     
           2          19          -5   0.0000000000000000     
           2          19          -4   0.0000000000000000     
           2          19          -3   0.0000000000000000     
           2          19          -2   0.0000000000000000     
           2          19          -1   2.1277607312479466E-003
           2          19           0   3.4522147484689437E-002
           2          19           1   2.1277607312479466E-003
           2          19           2   0.0000000000000000     
           2          19           3   0.0000000000000000     
           2          19           4   0.0000000000000000     
           2          19           5   0.0000000000000000     
           2          20          -5   0.0000000000000000     
           2          20          -4   0.0000000000000000     
           2          20          -3   0.0000000000000000     
           2          20          -2   0.0000000000000000     
           2          20          -1   5.2466689914177495E-003
           2          20           0   6.3631361839350753E-002
           2          20           1   5.2466689914177503E-003
           2          20           2   0.0000000000000000     
           2          20           3   0.0000000000000000     
           2          20           4   0.0000000000000000     
           2          20           5   0.0000000000000000     
           3           1          -5   0.0000000000000000     
           3           1          -4   0.0000000000000000     
           3           1          -3   0.0000000000000000     
           3           1          -2   0.0000000000000000     
           3           1          -1   5.2466689914177495E-003
           3           1           0   6.3631361839350753E-002
           3           1           1   5.2466689914177503E-003
           3           1           2   0.0000000000000000     
           3           1           3   0.0000000000000000     
           3           1           4   0.0000000000000000     
           3           1           5   0.0000000000000000     
           3           2          -5   0.0000000000000000     
           3           2          -4   0.0000000000000000     
           3           2          -3   0.0000000000000000     
           3           2          -2   0.0000000000000000     
           3           2          -1   1.0141554621169592E-002
           3           2           0   5.3846982879696671E-002
           3           2           1   1.0141554621169594E-002
           3           2           2   0.0000000000000000     
           3           2           3   0.0000000000000000     
           3           2           4   0.0000000000000000     
           3           2           5   0.0000000000000000     
           3           3          -5   0.0000000000000000     
           3           3          -4   0.0000000000000000     
           3           3          -3   0.0000000000000000     
           3           3          -2   0.0000000000000000     
           3           3          -1   1.3433582459019499E-002
           3           3           0   4.8912364902896320E-002
           3           3           1   1.3433582459019513E-002
           3           3           2   0.0000000000000000     
           3           3           3   0.0000000000000000     
           3           3           4   0.0000000000000000     
           3           3           5   0.0000000000000000     
           3           4          -5   0.0000000000000000     
           3           4          -4   0.0000000000000000     
           3           4          -3   0.0000000000000000     
           3           4          -2   0.0000000000000000     
           3           4          -1   1.0141554621169896E-002
           3           4           0   5.3846982879696512E-002
           3           4           1   1.0141554621169889E-002
           3           4           2   0.0000000000000000     
           3           4           3   0.0000000000000000     
           3           4           4   0.0000000000000000     
           3           4           5   0.0000000000000000     
           3           5          -5   0.0000000000000000     
           3           5          -4   0.0000000000000000     
           3           5          -3   0.0000000000000000     
           3           5          -2   0.0000000000000000     
           3           5          -1   5.2466689914175335E-003
           3           5           0   6.3631361839347089E-002
           3           5           1   5.2466689914175343E-003
           3           5           2   0.0000000000000000     
           3           5           3   0.0000000000000000     
           3           5           4   0.0000000000000000     
           3           5           5   0.0000000000000000     
           3           6          -5   0.0000000000000000     
           3           6          -4   0.0000000000000000     
           3           6          -3   0.0000000000000000     
           3           6          -2   0.0000000000000000     
           3           6          -1   2.1277607312481235E-003
           3           6           0   3.4522147484728989E-002
           3           6           1   2.1277607312481244E-003
           3           6           2   0.0000000000000000     
           3           6           3   0.0000000000000000     
           3           6           4   0.0000000000000000     
           3           6           5   0.0000000000000000     
           3           7          -5   0.0000000000000000     
           3           7          -4   0.0000000000000000     
           3           7          -3   0.0000000000000000     
           3           7          -2   0.0000000000000000     
           3           7          -1   5.5583084532606609E-004
           3           7           0   8.0115776488230393E-003
           3           7           1   5.5583084532606598E-004
           3           7           2   0.0000000000000000     
           3           7           3   0.0000000000000000     
           3           7           4   0.0000000000000000     
           3           7           5   0.0000000000000000     
           3           8          -5   0.0000000000000000     
           3           8          -4   0.0000000000000000     
           3           8          -3   0.0000000000000000     
           3           8          -2   0.0000000000000000     
           3           8          -1   2.4164965763225936E-005
           3           8           0   1.6763045506938657E-003
           3           8           1   2.4164965763225926E-005
           3           8           2   0.0000000000000000     
           3           8           3   0.0000000000000000     
           3           8           4   0.0000000000000000     
           3           8           5   0.0000000000000000     
           3           9          -5   0.0000000000000000     
           3           9          -4   0.0000000000000000     
           3           9          -3   0.0000000000000000     
           3           9          -2   0.0000000000000000     
           3           9          -1   0.0000000000000000     
           3           9           0   0.0000000000000000     
           3           9           1   0.0000000000000000     
           3           9           2   0.0000000000000000     
           3           9           3   0.0000000000000000     
           3           9           4   0.0000000000000000     
           3           9           5   0.0000000000000000     
           3          10          -5   0.0000000000000000     
           3          10          -4   0.0000000000000000     
           3          10          -3   0.0000000000000000     
           3          10          -2   0.0000000000000000     
           3          10          -1   0.0000000000000000     
           3          10           0   0.0000000000000000     
           3          10           1   0.0000000000000000     
           3          10           2   0.0000000000000000     
           3          10           3   0.0000000000000000     
           3          10           4   0.0000000000000000     
           3          10           5   0.0000000000000000     
           3          11          -5   0.0000000000000000     
           3          11          -4   0.0000000000000000     
           3          11          -3   0.0000000000000000     
           3          11          -2   0.0000000000000000     
           3          11          -1   0.0000000000000000     
           3          11           0   0.0000000000000000     
           3          11           1   0.0000000000000000     
           3          11           2   0.0000000000000000     
           3          11           3   0.0000000000000000     
           3          11           4   0.0000000000000000     
           3          11           5   0.0000000000000000     
           3          12          -5   0.0000000000000000     
           3          12          -4   0.0000000000000000     
           3          12          -3   0.0000000000000000     
           3          12          -2   0.0000000000000000     
           3          12          -1   0.0000000000000000     
           3          12           0   0.0000000000000000     
           3          12           1   0.0000000000000000     
           3          12           2   0.0000000000000000     
           3          12           3   0.0000000000000000     
           3          12           4   0.0000000000000000     
           3          12           5   0.0000000000000000     
           3          13          -5   0.0000000000000000     
           3          13          -4   0.0000000000000000     
           3          13          -3   0.0000000000000000     
           3          13          -2   0.0000000000000000     
           3          13          -1   0.0000000000000000     
           3          13           0   0.0000000000000000     
           3          13           1   0.0000000000000000     
           3          13           2   0.0000000000000000     
           3          13           3   0.0000000000000000     
           3          13           4   0.0000000000000000     
           3          13           5   0.0000000000000000     
           3          14          -5   0.0000000000000000     
           3          14          -4   0.0000000000000000     
           3          14          -3   0.0000000000000000     
           3          14          -2   0.0000000000000000     
           3          14          -1   0.0000000000000000     
           3          14           0   0.0000000000000000     
           3          14           1   0.0000000000000000     
           3          14           2   0.0000000000000000     
           3          14           3   0.0000000000000000     
           3          14           4   0.0000000000000000     
           3          14           5   0.0000000000000000     
           3          15          -5   0.0000000000000000     
           3          15          -4   0.0000000000000000     
           3          15          -3   0.0000000000000000     
           3          15          -2   0.0000000000000000     
           3          15          -1   0.0000000000000000     
           3          15           0   0.0000000000000000     
           3          15           1   0.0000000000000000     
           3          15           2   0.0000000000000000     
           3          15           3   0.0000000000000000     
           3          15           4   0.0000000000000000     
           3          15           5   0.0000000000000000     
           3          16          -5   0.0000000000000000     
           3          16          -4   0.0000000000000000     
           3          16          -3   0.0000000000000000     
           3          16          -2   0.0000000000000000     
           3          16          -1   0.0000000000000000     
           3          16           0   0.0000000000000000     
           3          16           1   0.0000000000000000     
           3          16           2   0.0000000000000000     
           3          16           3   0.0000000000000000     
           3          16           4   0.0000000000000000     
           3          16           5   0.0000000000000000     
           3          17          -5   0.0000000000000000     
           3          17          -4   0.0000000000000000     
           3          17          -3   0.0000000000000000     
           3          17          -2   0.0000000000000000     
           3          17          -1   0.0000000000000000     
           3          17           0   0.0000000000000000     
           3          17           1   0.0000000000000000     
           3          17           2   0.0000000000000000     
           3          17           3   0.0000000000000000     
           3          17           4   0.0000000000000000     
           3          17           5   0.0000000000000000     
           3          18          -5   0.0000000000000000     
           3          18          -4   0.0000000000000000     
           3          18          -3   0.0000000000000000     
           3          18          -2   0.0000000000000000     
           3          18          -1   2.4164965763225170E-005
           3          18           0   1.6763045506943126E-003
           3          18           1   2.4164965763225167E-005
           3          18           2   0.0000000000000000     
           3          18           3   0.0000000000000000     
           3          18           4   0.0000000000000000     
           3          18           5   0.0000000000000000     
           3          19          -5   0.0000000000000000     
           3          19          -4   0.0000000000000000     
           3          19          -3   0.0000000000000000     
           3          19          -2   0.0000000000000000     
           3          19          -1   5.5583084532604668E-004
           3          19           0   8.0115776488313608E-003
           3          19           1   5.5583084532604668E-004
           3          19           2   0.0000000000000000     
           3          19           3   0.0000000000000000     
           3          19           4   0.0000000000000000     
           3          19           5   0.0000000000000000     
           3          20          -5   0.0000000000000000     
           3          20          -4   0.0000000000000000     
           3          20          -3   0.0000000000000000     
           3          20          -2   0.0000000000000000     
           3          20          -1   2.1277607312479466E-003
           3          20           0   3.4522147484689437E-002
           3          20           1   2.1277607312479466E-003
           3          20           2   0.0000000000000000     
           3          20           3   0.0000000000000000     
           3          20           4   0.0000000000000000     
           3          20           5   0.0000000000000000     
           4           1          -5   0.0000000000000000     
           4           1          -4   0.0000000000000000     
           4           1          -3   0.0000000000000000     
           4           1          -2   0.0000000000000000     
           4           1          -1   2.1277607312479466E-003
           4           1           0   3.4522147484689437E-002
           4           1           1   2.1277607312479466E-003
           4           1           2   0.0000000000000000     
           4           1           3   0.0000000000000000     
           4           1           4   0.0000000000000000     
           4           1           5   0.0000000000000000     
           4           2          -5   0.0000000000000000     
           4           2          -4   0.0000000000000000     
           4           2          -3   0.0000000000000000     
           4           2          -2   0.0000000000000000     
           4           2          -1   5.2466689914177495E-003
           4           2           0   6.3631361839350753E-002
           4           2           1   5.2466689914177503E-003
           4           2           2   0.0000000000000000     
           4           2           3   0.0000000000000000     
           4           2           4   0.0000000000000000     
           4           2           5   0.0000000000000000     
           4           3          -5   0.0000000000000000     
           4           3          -4   0.0000000000000000     
           4           3          -3   0.0000000000000000     
           4           3          -2   0.0000000000000000     
           4           3          -1   1.0141554621169592E-002
           4           3           0   5.3846982879696671E-002
           4           3           1   1.0141554621169594E-002
           4           3           2   0.0000000000000000     
           4           3           3   0.0000000000000000     
           4           3           4   0.0000000000000000     
           4           3           5   0.0000000000000000     
           4           4          -5   0.0000000000000000     
           4           4          -4   0.0000000000000000     
           4           4          -3   0.0000000000000000     
           4           4          -2   0.0000000000000000     
           4           4          -1   1.3433582459019499E-002
           4           4           0   4.8912364902896320E-002
           4           4           1   1.3433582459019513E-002
           4           4           2   0.0000000000000000     
           4           4           3   0.0000000000000000     
           4           4           4   0.0000000000000000     
           4           4           5   0.0000000000000000     
           4           5          -5   0.0000000000000000     
           4           5          -4   0.0000000000000000     
           4           5          -3   0.0000000000000000     
           4           5          -2   0.0000000000000000     
           4           5          -1   1.0141554621169896E-002
           4           5           0   5.3846982879696512E-002
           4           5           1   1.0141554621169889E-002
           4           5           2   0.0000000000000000     
           4           5           3   0.0000000000000000     
           4           5           4   0.0000000000000000     
           4           5           5   0.0000000000000000     
           4           6          -5   0.0000000000000000     
           4           6          -4   0.0000000000000000     
           4           6          -3   0.0000000000000000     
           4           6          -2   0.0000000000000000     
           4           6          -1   5.2466689914175335E-003
           4           6           0   6.3631361839347089E-002
           4           6           1   5.2466689914175343E-003
           4           6           2   0.0000000000000000     
           4           6           3   0.0000000000000000     
           4           6           4   0.0000000000000000     
           4           6           5   0.0000000000000000     
           4           7          -5   0.0000000000000000     
           4           7          -4   0.0000000000000000     
           4           7          -3   0.0000000000000000     
           4           7          -2   0.0000000000000000     
           4           7          -1   2.1277607312481235E-003
           4           7           0   3.4522147484728989E-002
           4           7           1   2.1277607312481244E-003
           4           7           2   0.0000000000000000     
           4           7           3   0.0000000000000000     
           4           7           4   0.0000000000000000     
           4           7           5   0.0000000000000000     
           4           8          -5   0.0000000000000000     
           4           8          -4   0.0000000000000000     
           4           8          -3   0.0000000000000000     
           4           8          -2   0.0000000000000000     
           4           8          -1   5.5583084532606609E-004
           4           8           0   8.0115776488230393E-003
           4           8           1   5.5583084532606598E-004
           4           8           2   0.0000000000000000     
           4           8           3   0.0000000000000000     
           4           8           4   0.0000000000000000     
           4           8           5   0.0000000000000000     
           4           9          -5   0.0000000000000000     
           4           9          -4   0.0000000000000000     
           4           9          -3   0.0000000000000000     
           4           9          -2   0.0000000000000000     
           4           9          -1   2.4164965763225936E-005
           4           9           0   1.6763045506938657E-003
           4           9           1   2.4164965763225926E-005
           4           9           2   0.0000000000000000     
           4           9           3   0.0000000000000000     
           4           9           4   0.0000000000000000     
           4           9           5   0.0000000000000000     
           4          10          -5   0.0000000000000000     
           4          10          -4   0.0000000000000000     
           4          10          -3   0.0000000000000000     
           4          10          -2   0.0000000000000000     
           4          10          -1   0.0000000000000000     
           4          10           0   0.0000000000000000     
           4          10           1   0.0000000000000000     
           4          10           2   0.0000000000000000     
           4          10           3   0.0000000000000000     
           4          10           4   0.0000000000000000     
           4          10           5   0.0000000000000000     
           4          11          -5   0.0000000000000000     
           4          11          -4   0.0000000000000000     
           4          11          -3   0.0000000000000000     
           4          11          -2   0.0000000000000000     
           4          11          -1   0.0000000000000000     
           4          11           0   0.0000000000000000     
           4          11           1   0.0000000000000000     
           4          11           2   0.0000000000000000     
           4          11           3   0.0000000000000000     
           4          11           4   0.0000000000000000     
           4          11           5   0.0000000000000000     
           4          12          -5   0.0000000000000000     
           4          12          -4   0.0000000000000000     
           4          12          -3   0.0000000000000000     
           4          12          -2   0.0000000000000000     
           4          12          -1   0.0000000000000000     
           4          12           0   0.0000000000000000     
           4          12           1   0.0000000000000000     
           4          12           2   0.0000000000000000     
           4          12           3   0.0000000000000000     
           4          12           4   0.0000000000000000     
           4          12           5   0.0000000000000000     
           4          13          -5   0.0000000000000000     
           4          13          -4   0.0000000000000000     
           4          13          -3   0.0000000000000000     
           4          13          -2   0.0000000000000000     
           4          13          -1   0.0000000000000000     
           4          13           0   0.0000000000000000     
           4          13           1   0.0000000000000000     
           4          13           2   0.0000000000000000     
           4          13           3   0.0000000000000000     
           4          13           4   0.0000000000000000     
           4          13           5   0.0000000000000000     
           4          14          -5   0.0000000000000000     
           4          14          -4   0.0000000000000000     
           4          14          -3   0.0000000000000000     
           4          14          -2   0.0000000000000000     
           4          14          -1   0.0000000000000000     
           4          14           0   0.0000000000000000     
           4          14           1   0.0000000000000000     
           4          14           2   0.0000000000000000     
           4          14           3   0.0000000000000000     
           4          14           4   0.0000000000000000     
           4          14           5   0.0000000000000000     
           4          15          -5   0.0000000000000000     
           4          15          -4   0.0000000000000000     
           4          15          -3   0.0000000000000000     
           4          15          -2   0.0000000000000000     
           4          15          -1   0.0000000000000000     
           4          15           0   0.0000000000000000     
           4          15           1   0.0000000000000000     
           4          15           2   0.0000000000000000     
           4          15           3   0.0000000000000000     
           4          15           4   0.0000000000000000     
           4          15           5   0.0000000000000000     
           4          16          -5   0.0000000000000000     
           4          16          -4   0.0000000000000000     
           4          16          -3   0.0000000000000000     
           4          16          -2   0.0000000000000000     
           4          16          -1   0.0000000000000000     
           4          16           0   0.0000000000000000     
           4          16           1   0.0000000000000000     
           4          16           2   0.0000000000000000     
           4          16           3   0.0000000000000000     
           4          16           4   0.0000000000000000     
           4          16           5   0.0000000000000000     
           4          17          -5   0.0000000000000000     
           4          17          -4   0.0000000000000000     
           4          17          -3   0.0000000000000000     
           4          17          -2   0.0000000000000000     
           4          17          -1   0.0000000000000000     
           4          17           0   0.0000000000000000     
           4          17           1   0.0000000000000000     
           4          17           2   0.0000000000000000     
           4          17           3   0.0000000000000000     
           4          17           4   0.0000000000000000     
           4          17           5   0.0000000000000000     
           4          18          -5   0.0000000000000000     
           4          18          -4   0.0000000000000000     
           4          18          -3   0.0000000000000000     
           4          18          -2   0.0000000000000000     
           4          18          -1   0.0000000000000000     
           4          18           0   0.0000000000000000     
           4          18           1   0.0000000000000000     
           4          18           2   0.0000000000000000     
           4          18           3   0.0000000000000000     
           4          18           4   0.0000000000000000     
           4          18           5   0.0000000000000000     
           4          19          -5   0.0000000000000000     
           4          19          -4   0.0000000000000000     
           4          19          -3   0.0000000000000000     
           4          19          -2   0.0000000000000000     
           4          19          -1   2.4164965763225170E-005
           4          19           0   1.6763045506943126E-003
           4          19           1   2.4164965763225167E-005
           4          19           2   0.0000000000000000     
           4          19           3   0.0000000000000000     
           4          19           4   0.0000000000000000     
           4          19           5   0.0000000000000000     
           4          20          -5   0.0000000000000000     
           4          20          -4   0.0000000000000000     
           4          20          -3   0.0000000000000000     
           4          20          -2   0.0000000000000000     
           4          20          -1   5.5583084532604668E-004
           4          20           0   8.0115776488313608E-003
           4          20           1   5.5583084532604668E-004
           4          20           2   0.0000000000000000     
           4          20           3   0.0000000000000000     
           4          20           4   0.0000000000000000     
           4          20           5   0.0000000000000000     
           5           1          -5   0.0000000000000000     
           5           1          -4   0.0000000000000000     
           5           1          -3   0.0000000000000000     
           5           1          -2   0.0000000000000000     
           5           1          -1   5.5583084532604668E-004
           5           1           0   8.0115776488313608E-003
           5           1           1   5.5583084532604668E-004
           5           1           2   0.0000000000000000     
           5           1           3   0.0000000000000000     
           5           1           4   0.0000000000000000     
           5           1           5   0.0000000000000000     
           5           2          -5   0.0000000000000000     
           5           2          -4   0.0000000000000000     
           5           2          -3   0.0000000000000000     
           5           2          -2   0.0000000000000000     
           5           2          -1   2.1277607312479466E-003
           5           2           0   3.4522147484689437E-002
           5           2           1   2.1277607312479466E-003
           5           2           2   0.0000000000000000     
           5           2           3   0.0000000000000000     
           5           2           4   0.0000000000000000     
           5           2           5   0.0000000000000000     
           5           3          -5   0.0000000000000000     
           5           3          -4   0.0000000000000000     
           5           3          -3   0.0000000000000000     
           5           3          -2   0.0000000000000000     
           5           3          -1   5.2466689914177495E-003
           5           3           0   6.3631361839350753E-002
           5           3           1   5.2466689914177503E-003
           5           3           2   0.0000000000000000     
           5           3           3   0.0000000000000000     
           5           3           4   0.0000000000000000     
           5           3           5   0.0000000000000000     
           5           4          -5   0.0000000000000000     
           5           4          -4   0.0000000000000000     
           5           4          -3   0.0000000000000000     
           5           4          -2   0.0000000000000000     
           5           4          -1   1.0141554621169592E-002
           5           4           0   5.3846982879696671E-002
           5           4           1   1.0141554621169594E-002
           5           4           2   0.0000000000000000     
           5           4           3   0.0000000000000000     
           5           4           4   0.0000000000000000     
           5           4           5   0.0000000000000000     
           5           5          -5   0.0000000000000000     
           5           5          -4   0.0000000000000000     
           5           5          -3   0.0000000000000000     
           5           5          -2   0.0000000000000000     
           5           5          -1   1.3433582459019499E-002
           5           5           0   4.8912364902896320E-002
           5           5           1   1.3433582459019513E-002
           5           5           2   0.0000000000000000     
           5           5           3   0.0000000000000000     
           5           5           4   0.0000000000000000     
           5           5           5   0.0000000000000000     
           5           6          -5   0.0000000000000000     
           5           6          -4   0.0000000000000000     
           5           6          -3   0.0000000000000000     
           5           6          -2   0.0000000000000000     
           5           6          -1   1.0141554621169896E-002
           5           6           0   5.3846982879696512E-002
           5           6           1   1.0141554621169889E-002
           5           6           2   0.0000000000000000     
           5           6           3   0.0000000000000000     
           5           6           4   0.0000000000000000     
           5           6           5   0.0000000000000000     
           5           7          -5   0.0000000000000000     
           5           7          -4   0.0000000000000000     
           5           7          -3   0.0000000000000000     
           5           7          -2   0.0000000000000000     
           5           7          -1   5.2466689914175335E-003
           5           7           0   6.3631361839347089E-002
           5           7           1   5.2466689914175343E-003
           5           7           2   0.0000000000000000     
           5           7           3   0.0000000000000000     
           5           7           4   0.0000000000000000     
           5           7           5   0.0000000000000000     
           5           8          -5   0.0000000000000000     
           5           8          -4   0.0000000000000000     
           5           8          -3   0.0000000000000000     
           5           8          -2   0.0000000000000000     
           5           8          -1   2.1277607312481235E-003
           5           8           0   3.4522147484728989E-002
           5           8           1   2.1277607312481244E-003
           5           8           2   0.0000000000000000     
           5           8           3   0.0000000000000000     
           5           8           4   0.0000000000000000     
           5           8           5   0.0000000000000000     
           5           9          -5   0.0000000000000000     
           5           9          -4   0.0000000000000000     
           5           9          -3   0.0000000000000000     
           5           9          -2   0.0000000000000000     
           5           9          -1   5.5583084532606609E-004
           5           9           0   8.0115776488230393E-003
           5           9           1   5.5583084532606598E-004
           5           9           2   0.0000000000000000     
           5           9           3   0.0000000000000000     
           5           9           4   0.0000000000000000     
           5           9           5   0.0000000000000000     
           5          10          -5   0.0000000000000000     
           5          10          -4   0.0000000000000000     
           5          10          -3   0.0000000000000000     
           5          10          -2   0.0000000000000000     
           5          10          -1   2.4164965763225936E-005
           5          10           0   1.6763045506938657E-003
           5          10           1   2.4164965763225926E-005
           5          10           2   0.0000000000000000     
           5          10           3   0.0000000000000000     
           5          10           4   0.0000000000000000     
           5          10           5   0.0000000000000000     
           5          11          -5   0.0000000000000000     
           5          11          -4   0.0000000000000000     
           5          11          -3   0.0000000000000000     
           5          11          -2   0.0000000000000000     
           5          11          -1   0.0000000000000000     
           5          11           0   0.0000000000000000     
           5          11           1   0.0000000000000000     
           5          11           2   0.0000000000000000     
           5          11           3   0.0000000000000000     
           5          11           4   0.0000000000000000     
           5          11           5   0.0000000000000000     
           5          12          -5   0.0000000000000000     
           5          12          -4   0.0000000000000000     
           5          12          -3   0.0000000000000000     
           5          12          -2   0.0000000000000000     
           5          12          -1   0.0000000000000000     
           5          12           0   0.0000000000000000     
           5          12           1   0.0000000000000000     
           5          12           2   0.0000000000000000     
           5          12           3   0.0000000000000000     
           5          12           4   0.0000000000000000     
           5          12           5   0.0000000000000000     
           5          13          -5   0.0000000000000000     
           5          13          -4   0.0000000000000000     
           5          13          -3   0.0000000000000000     
           5          13          -2   0.0000000000000000     
           5          13          -1   0.0000000000000000     
           5          13           0   0.0000000000000000     
           5          13           1   0.0000000000000000     
           5          13           2   0.0000000000000000     
           5          13           3   0.0000000000000000     
           5          13           4   0.0000000000000000     
           5          13           5   0.0000000000000000     
           5          14          -5   0.0000000000000000     
           5          14          -4   0.0000000000000000     
           5          14          -3   0.0000000000000000     
           5          14          -2   0.0000000000000000     
           5          14          -1   0.0000000000000000     
           5          14           0   0.0000000000000000     
           5          14           1   0.0000000000000000     
           5          14           2   0.0000000000000000     
           5          14           3   0.0000000000000000     
           5          14           4   0.0000000000000000     
           5          14           5   0.0000000000000000     
           5          15          -5   0.0000000000000000     
           5          15          -4   0.0000000000000000     
           5          15          -3   0.0000000000000000     
           5          15          -2   0.0000000000000000     
           5          15          -1   0.0000000000000000     
           5          15           0   0.0000000000000000     
           5          15           1   0.0000000000000000     
           5          15           2   0.0000000000000000     
           5          15           3   0.0000000000000000     
           5          15           4   0.0000000000000000     
           5          15           5   0.0000000000000000     
           5          16          -5   0.0000000000000000     
           5          16          -4   0.0000000000000000     
           5          16          -3   0.0000000000000000     
           5          16          -2   0.0000000000000000     
           5          16          -1   0.0000000000000000     
           5          16           0   0.0000000000000000     
           5          16           1   0.0000000000000000     
           5          16           2   0.0000000000000000     
           5          16           3   0.0000000000000000     
           5          16           4   0.0000000000000000     
           5          16           5   0.0000000000000000     
           5          17          -5   0.0000000000000000     
           5          17          -4   0.0000000000000000     
           5          17          -3   0.0000000000000000     
           5          17          -2   0.0000000000000000     
           5          17          -1   0.0000000000000000     
           5          17           0   0.0000000000000000     
           5          17           1   0.0000000000000000     
           5          17           2   0.0000000000000000     
           5          17           3   0.0000000000000000     
           5          17           4   0.0000000000000000     
           5          17           5   0.0000000000000000     
           5          18          -5   0.0000000000000000     
           5          18          -4   0.0000000000000000     
           5          18          -3   0.0000000000000000     
           5          18          -2   0.0000000000000000     
           5          18          -1   0.0000000000000000     
           5          18           0   0.0000000000000000     
           5          18           1   0.0000000000000000     
           5          18           2   0.0000000000000000     
           5          18           3   0.0000000000000000     
           5          18           4   0.0000000000000000     
           5          18           5   0.0000000000000000     
           5          19          -5   0.0000000000000000     
           5          19          -4   0.0000000000000000     
           5          19          -3   0.0000000000000000     
           5          19          -2   0.0000000000000000     
           5          19          -1   0.0000000000000000     
           5          19           0   0.0000000000000000     
           5          19           1   0.0000000000000000     
           5          19           2   0.0000000000000000     
           5          19           3   0.0000000000000000     
           5          19           4   0.0000000000000000     
           5          19           5   0.0000000000000000     
           5          20          -5   0.0000000000000000     
           5          20          -4   0.0000000000000000     
           5          20          -3   0.0000000000000000     
           5          20          -2   0.0000000000000000     
           5          20          -1   2.4164965763225170E-005
           5          20           0   1.6763045506943126E-003
           5          20           1   2.4164965763225167E-005
           5          20           2   0.0000000000000000     
           5          20           3   0.0000000000000000     
           5          20           4   0.0000000000000000     
           5          20           5   0.0000000000000000     
           6           1          -5   0.0000000000000000     
           6           1          -4   0.0000000000000000     
           6           1          -3   0.0000000000000000     
           6           1          -2   0.0000000000000000     
           6           1          -1   2.4164965763225170E-005
           6           1           0   1.6763045506943126E-003
           6           1           1   2.4164965763225167E-005
           6           1           2   0.0000000000000000     
           6           1           3   0.0000000000000000     
           6           1           4   0.0000000000000000     
           6           1           5   0.0000000000000000     
           6           2          -5   0.0000000000000000     
           6           2          -4   0.0000000000000000     
           6           2          -3   0.0000000000000000     
           6           2          -2   0.0000000000000000     
           6           2          -1   5.5583084532604668E-004
           6           2           0   8.0115776488313608E-003
           6           2           1   5.5583084532604668E-004
           6           2           2   0.0000000000000000     
           6           2           3   0.0000000000000000     
           6           2           4   0.0000000000000000     
           6           2           5   0.0000000000000000     
           6           3          -5   0.0000000000000000     
           6           3          -4   0.0000000000000000     
           6           3          -3   0.0000000000000000     
           6           3          -2   0.0000000000000000     
           6           3          -1   2.1277607312479466E-003
           6           3           0   3.4522147484689437E-002
           6           3           1   2.1277607312479466E-003
           6           3           2   0.0000000000000000     
           6           3           3   0.0000000000000000     
           6           3           4   0.0000000000000000     
           6           3           5   0.0000000000000000     
           6           4          -5   0.0000000000000000     
           6           4          -4   0.0000000000000000     
           6           4          -3   0.0000000000000000     
           6           4          -2   0.0000000000000000     
           6           4          -1   5.2466689914177495E-003
           6           4           0   6.3631361839350753E-002
           6           4           1   5.2466689914177503E-003
           6           4           2   0.0000000000000000     
           6           4           3   0.0000000000000000     
           6           4           4   0.0000000000000000     
           6           4           5   0.0000000000000000     
           6           5          -5   0.0000000000000000     
           6           5          -4   0.0000000000000000     
           6           5          -3   0.0000000000000000     
           6           5          -2   0.0000000000000000     
           6           5          -1   1.0141554621169592E-002
           6           5           0   5.3846982879696664E-002
           6           5           1   1.0141554621169594E-002
           6           5           2   0.0000000000000000     
           6           5           3   0.0000000000000000     
           6           5           4   0.0000000000000000     
           6           5           5   0.0000000000000000     
           6           6          -5   0.0000000000000000     
           6           6          -4   0.0000000000000000     
           6           6          -3   0.0000000000000000     
           6           6          -2   0.0000000000000000     
           6           6          -1   1.3433582459019499E-002
           6           6           0   4.8912364902896320E-002
           6           6           1   1.3433582459019513E-002
           6           6           2   0.0000000000000000     
           6           6           3   0.0000000000000000     
           6           6           4   0.0000000000000000     
           6           6           5   0.0000000000000000     
           6           7          -5   0.0000000000000000     
           6           7          -4   0.0000000000000000     
           6           7          -3   0.0000000000000000     
           6           7          -2   0.0000000000000000     
           6           7          -1   1.0141554621169896E-002
           6           7           0   5.3846982879696512E-002
           6           7           1   1.0141554621169889E-002
           6           7           2   0.0000000000000000     
           6           7           3   0.0000000000000000     
           6           7           4   0.0000000000000000     
           6           7           5   0.0000000000000000     
           6           8          -5   0.0000000000000000     
           6           8          -4   0.0000000000000000     
           6           8          -3   0.0000000000000000     
           6           8          -2   0.0000000000000000     
           6           8          -1   5.2466689914175335E-003
           6           8           0   6.3631361839347089E-002
           6           8           1   5.2466689914175343E-003
           6           8           2   0.0000000000000000     
           6           8           3   0.0000000000000000     
           6           8           4   0.0000000000000000     
           6           8           5   0.0000000000000000     
           6           9          -5   0.0000000000000000     
           6           9          -4   0.0000000000000000     
           6           9          -3   0.0000000000000000     
           6           9          -2   0.0000000000000000     
           6           9          -1   2.1277607312481235E-003
           6           9           0   3.4522147484728989E-002
           6           9           1   2.1277607312481244E-003
           6           9           2   0.0000000000000000     
           6           9           3   0.0000000000000000     
           6           9           4   0.0000000000000000     
           6           9           5   0.0000000000000000     
           6          10          -5   0.0000000000000000     
           6          10          -4   0.0000000000000000     
           6          10          -3   0.0000000000000000     
           6          10          -2   0.0000000000000000     
           6          10          -1   5.5583084532606609E-004
           6          10           0   8.0115776488230393E-003
           6          10           1   5.5583084532606598E-004
           6          10           2   0.0000000000000000     
           6          10           3   0.0000000000000000     
           6          10           4   0.0000000000000000     
           6          10           5   0.0000000000000000     
           6          11          -5   0.0000000000000000     
           6          11          -4   0.0000000000000000     
           6          11          -3   0.0000000000000000     
           6          11          -2   0.0000000000000000     
           6          11          -1   2.4164965763225936E-005
           6          11           0   1.6763045506938657E-003
           6          11           1   2.4164965763225926E-005
           6          11           2   0.0000000000000000     
           6          11           3   0.0000000000000000     
           6          11           4   0.0000000000000000     
           6          11           5   0.0000000000000000     
           6          12          -5   0.0000000000000000     
           6          12          -4   0.0000000000000000     
           6          12          -3   0.0000000000000000     
           6          12          -2   0.0000000000000000     
           6          12          -1   0.0000000000000000     
           6          12           0   0.0000000000000000     
           6          12           1   0.0000000000000000     
           6          12           2   0.0000000000000000     
           6          12           3   0.0000000000000000     
           6          12           4   0.0000000000000000     
           6          12           5   0.0000000000000000     
           6          13          -5   0.0000000000000000     
           6          13          -4   0.0000000000000000     
           6          13          -3   0.0000000000000000     
           6          13          -2   0.0000000000000000     
           6          13          -1   0.0000000000000000     
           6          13           0   0.0000000000000000     
           6          13           1   0.0000000000000000     
           6          13           2   0.0000000000000000     
           6          13           3   0.0000000000000000     
           6          13           4   0.0000000000000000     
           6          13           5   0.0000000000000000     
           6          14          -5   0.0000000000000000     
           6          14          -4   0.0000000000000000     
           6          14          -3   0.0000000000000000     
           6          14          -2   0.0000000000000000     
           6          14          -1   0.0000000000000000     
           6          14           0   0.0000000000000000     
           6          14           1   0.0000000000000000     
           6          14           2   0.0000000000000000     
           6          14           3   0.0000000000000000     
           6          14           4   0.0000000000000000     
           6          14           5   0.0000000000000000     
           6          15          -5   0.0000000000000000     
           6          15          -4   0.0000000000000000     
           6          15          -3   0.0000000000000000     
           6          15          -2   0.0000000000000000     
           6          15          -1   0.0000000000000000     
           6          15           0   0.0000000000000000     
           6          15           1   0.0000000000000000     
           6          15           2   0.0000000000000000     
           6          15           3   0.0000000000000000     
           6          15           4   0.0000000000000000     
           6          15           5   0.0000000000000000     
           6          16          -5   0.0000000000000000     
           6          16          -4   0.0000000000000000     
           6          16          -3   0.0000000000000000     
           6          16          -2   0.0000000000000000     
           6          16          -1   0.0000000000000000     
           6          16           0   0.0000000000000000     
           6          16           1   0.0000000000000000     
           6          16           2   0.0000000000000000     
           6          16           3   0.0000000000000000     
           6          16           4   0.0000000000000000     
           6          16           5   0.0000000000000000     
           6          17          -5   0.0000000000000000     
           6          17          -4   0.0000000000000000     
           6          17          -3   0.0000000000000000     
           6          17          -2   0.0000000000000000     
           6          17          -1   0.0000000000000000     
           6          17           0   0.0000000000000000     
           6          17           1   0.0000000000000000     
           6          17           2   0.0000000000000000     
           6          17           3   0.0000000000000000     
           6          17           4   0.0000000000000000     
           6          17           5   0.0000000000000000     
           6          18          -5   0.0000000000000000     
           6          18          -4   0.0000000000000000     
           6          18          -3   0.0000000000000000     
           6          18          -2   0.0000000000000000     
           6          18          -1   0.0000000000000000     
           6          18           0   0.0000000000000000     
           6          18           1   0.0000000000000000     
           6          18           2   0.0000000000000000     
           6          18           3   0.0000000000000000     
           6          18           4   0.0000000000000000     
           6          18           5   0.0000000000000000     
           6          19          -5   0.0000000000000000     
           6          19          -4   0.0000000000000000     
           6          19          -3   0.0000000000000000     
           6          19          -2   0.0000000000000000     
           6          19          -1   0.0000000000000000     
           6          19           0   0.0000000000000000     
           6          19           1   0.0000000000000000     
           6          19           2   0.0000000000000000     
           6          19           3   0.0000000000000000     
           6          19           4   0.0000000000000000     
           6          19           5   0.0000000000000000     
           6          20          -5   0.0000000000000000     
           6          20          -4   0.0000000000000000     
           6          20          -3   0.0000000000000000     
           6          20          -2   0.0000000000000000     
           6          20          -1   0.0000000000000000     
           6          20           0   0.0000000000000000     
           6          20           1   0.0000000000000000     
           6          20           2   0.0000000000000000     
           6          20           3   0.0000000000000000     
           6          20           4   0.0000000000000000     
           6          20           5   0.0000000000000000     
           7           1          -5   0.0000000000000000     
           7           1          -4   0.0000000000000000     
           7           1          -3   0.0000000000000000     
           7           1          -2   0.0000000000000000     
           7           1          -1   0.0000000000000000     
           7           1           0   0.0000000000000000     
           7           1           1   0.0000000000000000     
           7           1           2   0.0000000000000000     
           7           1           3   0.0000000000000000     
           7           1           4   0.0000000000000000     
           7           1           5   0.0000000000000000     
           7           2          -5   0.0000000000000000     
           7           2          -4   0.0000000000000000     
           7           2          -3   0.0000000000000000     
           7           2          -2   0.0000000000000000     
           7           2          -1   2.4164965763225170E-005
           7           2           0   1.6763045506943126E-003
           7           2           1   2.4164965763225167E-005
           7           2           2   0.0000000000000000     
           7           2           3   0.0000000000000000     
           7           2           4   0.0000000000000000     
           7           2           5   0.0000000000000000     
           7           3          -5   0.0000000000000000     
           7           3          -4   0.0000000000000000     
           7           3          -3   0.0000000000000000     
           7           3          -2   0.0000000000000000     
           7           3          -1   5.5583084532604668E-004
           7           3           0   8.0115776488313608E-003
           7           3           1   5.5583084532604668E-004
           7           3           2   0.0000000000000000     
           7           3           3   0.0000000000000000     
           7           3           4   0.0000000000000000     
           7           3           5   0.0000000000000000     
           7           4          -5   0.0000000000000000     
           7           4          -4   0.0000000000000000     
           7           4          -3   0.0000000000000000     
           7           4          -2   0.0000000000000000     
           7           4          -1   2.1277607312479466E-003
           7           4           0   3.4522147484689437E-002
           7           4           1   2.1277607312479466E-003
           7           4           2   0.0000000000000000     
           7           4           3   0.0000000000000000     
           7           4           4   0.0000000000000000     
           7           4           5   0.0000000000000000     
           7           5          -5   0.0000000000000000     
           7           5          -4   0.0000000000000000     
           7           5          -3   0.0000000000000000     
           7           5          -2   0.0000000000000000     
           7           5          -1   5.2466689914177503E-003
           7           5           0   6.3631361839350739E-002
           7           5           1   5.2466689914177512E-003
           7           5           2   0.0000000000000000     
           7           5           3   0.0000000000000000     
           7           5           4   0.0000000000000000     
           7           5           5   0.0000000000000000     
           7           6          -5   0.0000000000000000     
           7           6          -4   0.0000000000000000     
           7           6          -3   0.0000000000000000     
           7           6          -2   0.0000000000000000     
           7           6          -1   1.0141554621169592E-002
           7           6           0   5.3846982879696657E-002
           7           6           1   1.0141554621169594E-002
           7           6           2   0.0000000000000000     
           7           6           3   0.0000000000000000     
           7           6           4   0.0000000000000000     
           7           6           5   0.0000000000000000     
           7           7          -5   0.0000000000000000     
           7           7          -4   0.0000000000000000     
           7           7          -3   0.0000000000000000     
           7           7          -2   0.0000000000000000     
           7           7          -1   1.3433582459019499E-002
           7           7           0   4.8912364902896320E-002
           7           7           1   1.3433582459019513E-002
           7           7           2   0.0000000000000000     
           7           7           3   0.0000000000000000     
           7           7           4   0.0000000000000000     
           7           7           5   0.0000000000000000     
           7           8          -5   0.0000000000000000     
           7           8          -4   0.0000000000000000     
           7           8          -3   0.0000000000000000     
           7           8          -2   0.0000000000000000     
           7           8          -1   1.0141554621169896E-002
           7           8           0   5.3846982879696512E-002
           7           8           1   1.0141554621169889E-002
           7           8           2   0.0000000000000000     
           7           8           3   0.0000000000000000     
           7           8           4   0.0000000000000000     
           7           8           5   0.0000000000000000     
           7           9          -5   0.0000000000000000     
           7           9          -4   0.0000000000000000     
           7           9          -3   0.0000000000000000     
           7           9          -2   0.0000000000000000     
           7           9          -1   5.2466689914175335E-003
           7           9           0   6.3631361839347089E-002
           7           9           1   5.2466689914175343E-003
           7           9           2   0.0000000000000000     
           7           9           3   0.0000000000000000     
           7           9           4   0.0000000000000000     
           7           9           5   0.0000000000000000     
           7          10          -5   0.0000000000000000     
           7          10          -4   0.0000000000000000     
           7          10          -3   0.0000000000000000     
           7          10          -2   0.0000000000000000     
           7          10          -1   2.1277607312481235E-003
           7          10           0   3.4522147484728989E-002
           7          10           1   2.1277607312481244E-003
           7          10           2   0.0000000000000000     
           7          10           3   0.0000000000000000     
           7          10           4   0.0000000000000000     
           7          10           5   0.0000000000000000     
           7          11          -5   0.0000000000000000     
           7          11          -4   0.0000000000000000     
           7          11          -3   0.0000000000000000     
           7          11          -2   0.0000000000000000     
           7          11          -1   5.5583084532606598E-004
           7          11           0   8.0115776488230376E-003
           7          11           1   5.5583084532606587E-004
           7          11           2   0.0000000000000000     
           7          11           3   0.0000000000000000     
           7          11           4   0.0000000000000000     
           7          11           5   0.0000000000000000     
           7          12          -5   0.0000000000000000     
           7          12          -4   0.0000000000000000     
           7          12          -3   0.0000000000000000     
           7          12          -2   0.0000000000000000     
           7          12          -1   2.4164965763225940E-005
           7          12           0   1.6763045506938664E-003
           7          12           1   2.4164965763225936E-005
           7          12           2   0.0000000000000000     
           7          12           3   0.0000000000000000     
           7          12           4   0.0000000000000000     
           7          12           5   0.0000000000000000     
           7          13          -5   0.0000000000000000     
           7          13          -4   0.0000000000000000     
           7          13          -3   0.0000000000000000     
           7          13          -2   0.0000000000000000     
           7          13          -1   0.0000000000000000     
           7          13           0   0.0000000000000000     
           7          13           1   0.0000000000000000     
           7          13           2   0.0000000000000000     
           7          13           3   0.0000000000000000     
           7          13           4   0.0000000000000000     
           7          13           5   0.0000000000000000     
           7          14          -5   0.0000000000000000     
           7          14          -4   0.0000000000000000     
           7          14          -3   0.0000000000000000     
           7          14          -2   0.0000000000000000     
           7          14          -1   0.0000000000000000     
           7          14           0   0.0000000000000000     
           7          14           1   0.0000000000000000     
           7          14           2   0.0000000000000000     
           7          14           3   0.0000000000000000     
           7          14           4   0.0000000000000000     
           7          14           5   0.0000000000000000     
           7          15          -5   0.0000000000000000     
           7          15          -4   0.0000000000000000     
           7          15          -3   0.0000000000000000     
           7          15          -2   0.0000000000000000     
           7          15          -1   0.0000000000000000     
           7          15           0   0.0000000000000000     
           7          15           1   0.0000000000000000     
           7          15           2   0.0000000000000000     
           7          15           3   0.0000000000000000     
           7          15           4   0.0000000000000000     
           7          15           5   0.0000000000000000     
           7          16          -5   0.0000000000000000     
           7          16          -4   0.0000000000000000     
           7          16          -3   0.0000000000000000     
           7          16          -2   0.0000000000000000     
           7          16          -1   0.0000000000000000     
           7          16           0   0.0000000000000000     
           7          16           1   0.0000000000000000     
           7          16           2   0.0000000000000000     
           7          16           3   0.0000000000000000     
           7          16           4   0.0000000000000000     
           7          16           5   0.0000000000000000     
           7          17          -5   0.0000000000000000     
           7          17          -4   0.0000000000000000     
           7          17          -3   0.0000000000000000     
           7          17          -2   0.0000000000000000     
           7          17          -1   0.0000000000000000     
           7          17           0   0.0000000000000000     
           7          17           1   0.0000000000000000     
           7          17           2   0.0000000000000000     
           7          17           3   0.0000000000000000     
           7          17           4   0.0000000000000000     
           7          17           5   0.0000000000000000     
           7          18          -5   0.0000000000000000     
           7          18          -4   0.0000000000000000     
           7          18          -3   0.0000000000000000     
           7          18          -2   0.0000000000000000     
           7          18          -1   0.0000000000000000     
           7          18           0   0.0000000000000000     
           7          18           1   0.0000000000000000     
           7          18           2   0.0000000000000000     
           7          18           3   0.0000000000000000     
           7          18           4   0.0000000000000000     
           7          18           5   0.0000000000000000     
           7          19          -5   0.0000000000000000     
           7          19          -4   0.0000000000000000     
           7          19          -3   0.0000000000000000     
           7          19          -2   0.0000000000000000     
           7          19          -1   0.0000000000000000     
           7          19           0   0.0000000000000000     
           7          19           1   0.0000000000000000     
           7          19           2   0.0000000000000000     
           7          19           3   0.0000000000000000     
           7          19           4   0.0000000000000000     
           7          19           5   0.0000000000000000     
           7          20          -5   0.0000000000000000     
           7          20          -4   0.0000000000000000     
           7          20          -3   0.0000000000000000     
           7          20          -2   0.0000000000000000     
           7          20          -1   0.0000000000000000     
           7          20           0   0.0000000000000000     
           7          20           1   0.0000000000000000     
           7          20           2   0.0000000000000000     
           7          20           3   0.0000000000000000     
           7          20           4   0.0000000000000000     
           7          20           5   0.0000000000000000     
           8           1          -5   0.0000000000000000     
           8           1          -4   0.0000000000000000     
           8           1          -3   0.0000000000000000     
           8           1          -2   0.0000000000000000     
           8           1          -1   0.0000000000000000     
           8           1           0   0.0000000000000000     
           8           1           1   0.0000000000000000     
           8           1           2   0.0000000000000000     
           8           1           3   0.0000000000000000     
           8           1           4   0.0000000000000000     
           8           1           5   0.0000000000000000     
           8           2          -5   0.0000000000000000     
           8           2          -4   0.0000000000000000     
           8           2          -3   0.0000000000000000     
           8           2          -2   0.0000000000000000     
           8           2          -1   0.0000000000000000     
           8           2           0   0.0000000000000000     
           8           2           1   0.0000000000000000     
           8           2           2   0.0000000000000000     
           8           2           3   0.0000000000000000     
           8           2           4   0.0000000000000000     
           8           2           5   0.0000000000000000     
           8           3          -5   0.0000000000000000     
           8           3          -4   0.0000000000000000     
           8           3          -3   0.0000000000000000     
           8           3          -2   0.0000000000000000     
           8           3          -1   2.4164965763225170E-005
           8           3           0   1.6763045506943126E-003
           8           3           1   2.4164965763225167E-005
           8           3           2   0.0000000000000000     
           8           3           3   0.0000000000000000     
           8           3           4   0.0000000000000000     
           8           3           5   0.0000000000000000     
           8           4          -5   0.0000000000000000     
           8           4          -4   0.0000000000000000     
           8           4          -3   0.0000000000000000     
           8           4          -2   0.0000000000000000     
           8           4          -1   5.5583084532604668E-004
           8           4           0   8.0115776488313608E-003
           8           4           1   5.5583084532604668E-004
           8           4           2   0.0000000000000000     
           8           4           3   0.0000000000000000     
           8           4           4   0.0000000000000000     
           8           4           5   0.0000000000000000     
           8           5          -5   0.0000000000000000     
           8           5          -4   0.0000000000000000     
           8           5          -3   0.0000000000000000     
           8           5          -2   0.0000000000000000     
           8           5          -1   2.1277607312479466E-003
           8           5           0   3.4522147484689437E-002
           8           5           1   2.1277607312479466E-003
           8           5           2   0.0000000000000000     
           8           5           3   0.0000000000000000     
           8           5           4   0.0000000000000000     
           8           5           5   0.0000000000000000     
           8           6          -5   0.0000000000000000     
           8           6          -4   0.0000000000000000     
           8           6          -3   0.0000000000000000     
           8           6          -2   0.0000000000000000     
           8           6          -1   5.2466689914177503E-003
           8           6           0   6.3631361839350739E-002
           8           6           1   5.2466689914177512E-003
           8           6           2   0.0000000000000000     
           8           6           3   0.0000000000000000     
           8           6           4   0.0000000000000000     
           8           6           5   0.0000000000000000     
           8           7          -5   0.0000000000000000     
           8           7          -4   0.0000000000000000     
           8           7          -3   0.0000000000000000     
           8           7          -2   0.0000000000000000     
           8           7          -1   1.0141554621169592E-002
           8           7           0   5.3846982879696664E-002
           8           7           1   1.0141554621169594E-002
           8           7           2   0.0000000000000000     
           8           7           3   0.0000000000000000     
           8           7           4   0.0000000000000000     
           8           7           5   0.0000000000000000     
           8           8          -5   0.0000000000000000     
           8           8          -4   0.0000000000000000     
           8           8          -3   0.0000000000000000     
           8           8          -2   0.0000000000000000     
           8           8          -1   1.3433582459019499E-002
           8           8           0   4.8912364902896320E-002
           8           8           1   1.3433582459019513E-002
           8           8           2   0.0000000000000000     
           8           8           3   0.0000000000000000     
           8           8           4   0.0000000000000000     
           8           8           5   0.0000000000000000     
           8           9          -5   0.0000000000000000     
           8           9          -4   0.0000000000000000     
           8           9          -3   0.0000000000000000     
           8           9          -2   0.0000000000000000     
           8           9          -1   1.0141554621169896E-002
           8           9           0   5.3846982879696512E-002
           8           9           1   1.0141554621169889E-002
           8           9           2   0.0000000000000000     
           8           9           3   0.0000000000000000     
           8           9           4   0.0000000000000000     
           8           9           5   0.0000000000000000     
           8          10          -5   0.0000000000000000     
           8          10          -4   0.0000000000000000     
           8          10          -3   0.0000000000000000     
           8          10          -2   0.0000000000000000     
           8          10          -1   5.2466689914175387E-003
           8          10           0   6.3631361839347061E-002
           8          10           1   5.2466689914175369E-003
           8          10           2   0.0000000000000000     
           8          10           3   0.0000000000000000     
           8          10           4   0.0000000000000000     
           8          10           5   0.0000000000000000     
           8          11          -5   0.0000000000000000     
           8          11          -4   0.0000000000000000     
           8          11          -3   0.0000000000000000     
           8          11          -2   0.0000000000000000     
           8          11          -1   2.1277607312481235E-003
           8          11           0   3.4522147484728989E-002
           8          11           1   2.1277607312481244E-003
           8          11           2   0.0000000000000000     
           8          11           3   0.0000000000000000     
           8          11           4   0.0000000000000000     
           8          11           5   0.0000000000000000     
           8          12          -5   0.0000000000000000     
           8          12          -4   0.0000000000000000     
           8          12          -3   0.0000000000000000     
           8          12          -2   0.0000000000000000     
           8          12          -1   5.5583084532606609E-004
           8          12           0   8.0115776488230376E-003
           8          12           1   5.5583084532606598E-004
           8          12           2   0.0000000000000000     
           8          12           3   0.0000000000000000     
           8          12           4   0.0000000000000000     
           8          12           5   0.0000000000000000     
           8          13          -5   0.0000000000000000     
           8          13          -4   0.0000000000000000     
           8          13          -3   0.0000000000000000     
           8          13          -2   0.0000000000000000     
           8          13          -1   2.4164965763225936E-005
           8          13           0   1.6763045506938657E-003
           8          13           1   2.4164965763225926E-005
           8          13           2   0.0000000000000000     
           8          13           3   0.0000000000000000     
           8          13           4   0.0000000000000000     
           8          13           5   0.0000000000000000     
           8          14          -5   0.0000000000000000     
           8          14          -4   0.0000000000000000     
           8          14          -3   0.0000000000000000     
           8          14          -2   0.0000000000000000     
           8          14          -1   0.0000000000000000     
           8          14           0   0.0000000000000000     
           8          14           1   0.0000000000000000     
           8          14           2   0.0000000000000000     
           8          14           3   0.0000000000000000     
           8          14           4   0.0000000000000000     
           8          14           5   0.0000000000000000     
           8          15          -5   0.0000000000000000     
           8          15          -4   0.0000000000000000     
           8          15          -3   0.0000000000000000     
           8          15          -2   0.0000000000000000     
           8          15          -1   0.0000000000000000     
           8          15           0   0.0000000000000000     
           8          15           1   0.0000000000000000     
           8          15           2   0.0000000000000000     
           8          15           3   0.0000000000000000     
           8          15           4   0.0000000000000000     
           8          15           5   0.0000000000000000     
           8          16          -5   0.0000000000000000     
           8          16          -4   0.0000000000000000     
           8          16          -3   0.0000000000000000     
           8          16          -2   0.0000000000000000     
           8          16          -1   0.0000000000000000     
           8          16           0   0.0000000000000000     
           8          16           1   0.0000000000000000     
           8          16           2   0.0000000000000000     
           8          16           3   0.0000000000000000     
           8          16           4   0.0000000000000000     
           8          16           5   0.0000000000000000     
           8          17          -5   0.0000000000000000     
           8          17          -4   0.0000000000000000     
           8          17          -3   0.0000000000000000     
           8          17          -2   0.0000000000000000     
           8          17          -1   0.0000000000000000     
           8          17           0   0.0000000000000000     
           8          17           1   0.0000000000000000     
           8          17           2   0.0000000000000000     
           8          17           3   0.0000000000000000     
           8          17           4   0.0000000000000000     
           8          17           5   0.0000000000000000     
           8          18          -5   0.0000000000000000     
           8          18          -4   0.0000000000000000     
           8          18          -3   0.0000000000000000     
           8          18          -2   0.0000000000000000     
           8          18          -1   0.0000000000000000     
           8          18           0   0.0000000000000000     
           8          18           1   0.0000000000000000     
           8          18           2   0.0000000000000000     
           8          18           3   0.0000000000000000     
           8          18           4   0.0000000000000000     
           8          18           5   0.0000000000000000     
           8          19          -5   0.0000000000000000     
           8          19          -4   0.0000000000000000     
           8          19          -3   0.0000000000000000     
           8          19          -2   0.0000000000000000     
           8          19          -1   0.0000000000000000     
           8          19           0   0.0000000000000000     
           8          19           1   0.0000000000000000     
           8          19           2   0.0000000000000000     
           8          19           3   0.0000000000000000     
           8          19           4   0.0000000000000000     
           8          19           5   0.0000000000000000     
           8          20          -5   0.0000000000000000     
           8          20          -4   0.0000000000000000     
           8          20          -3   0.0000000000000000     
           8          20          -2   0.0000000000000000     
           8          20          -1   0.0000000000000000     
           8          20           0   0.0000000000000000     
           8          20           1   0.0000000000000000     
           8          20           2   0.0000000000000000     
           8          20           3   0.0000000000000000     
           8          20           4   0.0000000000000000     
           8          20           5   0.0000000000000000     
           9           1          -5   0.0000000000000000     
           9           1          -4   0.0000000000000000     
           9           1          -3   0.0000000000000000     
           9           1          -2   0.0000000000000000     
           9           1          -1   0.0000000000000000     
           9           1           0   0.0000000000000000     
           9           1           1   0.0000000000000000     
           9           1           2   0.0000000000000000     
           9           1           3   0.0000000000000000     
           9           1           4   0.0000000000000000     
           9           1           5   0.0000000000000000     
           9           2          -5   0.0000000000000000     
           9           2          -4   0.0000000000000000     
           9           2          -3   0.0000000000000000     
           9           2          -2   0.0000000000000000     
           9           2          -1   0.0000000000000000     
           9           2           0   0.0000000000000000     
           9           2           1   0.0000000000000000     
           9           2           2   0.0000000000000000     
           9           2           3   0.0000000000000000     
           9           2           4   0.0000000000000000     
           9           2           5   0.0000000000000000     
           9           3          -5   0.0000000000000000     
           9           3          -4   0.0000000000000000     
           9           3          -3   0.0000000000000000     
           9           3          -2   0.0000000000000000     
           9           3          -1   0.0000000000000000     
           9           3           0   0.0000000000000000     
           9           3           1   0.0000000000000000     
           9           3           2   0.0000000000000000     
           9           3           3   0.0000000000000000     
           9           3           4   0.0000000000000000     
           9           3           5   0.0000000000000000     
           9           4          -5   0.0000000000000000     
           9           4          -4   0.0000000000000000     
           9           4          -3   0.0000000000000000     
           9           4          -2   0.0000000000000000     
           9           4          -1   2.4164965763225170E-005
           9           4           0   1.6763045506943126E-003
           9           4           1   2.4164965763225167E-005
           9           4           2   0.0000000000000000     
           9           4           3   0.0000000000000000     
           9           4           4   0.0000000000000000     
           9           4           5   0.0000000000000000     
           9           5          -5   0.0000000000000000     
           9           5          -4   0.0000000000000000     
           9           5          -3   0.0000000000000000     
           9           5          -2   0.0000000000000000     
           9           5          -1   5.5583084532604668E-004
           9           5           0   8.0115776488313608E-003
           9           5           1   5.5583084532604668E-004
           9           5           2   0.0000000000000000     
           9           5           3   0.0000000000000000     
           9           5           4   0.0000000000000000     
           9           5           5   0.0000000000000000     
           9           6          -5   0.0000000000000000     
           9           6          -4   0.0000000000000000     
           9           6          -3   0.0000000000000000     
           9           6          -2   0.0000000000000000     
           9           6          -1   2.1277607312479466E-003
           9           6           0   3.4522147484689437E-002
           9           6           1   2.1277607312479466E-003
           9           6           2   0.0000000000000000     
           9           6           3   0.0000000000000000     
           9           6           4   0.0000000000000000     
           9           6           5   0.0000000000000000     
           9           7          -5   0.0000000000000000     
           9           7          -4   0.0000000000000000     
           9           7          -3   0.0000000000000000     
           9           7          -2   0.0000000000000000     
           9           7          -1   5.2466689914177495E-003
           9           7           0   6.3631361839350739E-002
           9           7           1   5.2466689914177512E-003
           9           7           2   0.0000000000000000     
           9           7           3   0.0000000000000000     
           9           7           4   0.0000000000000000     
           9           7           5   0.0000000000000000     
           9           8          -5   0.0000000000000000     
           9           8          -4   0.0000000000000000     
           9           8          -3   0.0000000000000000     
           9           8          -2   0.0000000000000000     
           9           8          -1   1.0141554621169592E-002
           9           8           0   5.3846982879696657E-002
           9           8           1   1.0141554621169594E-002
           9           8           2   0.0000000000000000     
           9           8           3   0.0000000000000000     
           9           8           4   0.0000000000000000     
           9           8           5   0.0000000000000000     
           9           9          -5   0.0000000000000000     
           9           9          -4   0.0000000000000000     
           9           9          -3   0.0000000000000000     
           9           9          -2   0.0000000000000000     
           9           9          -1   1.3433582459019499E-002
           9           9           0   4.8912364902896320E-002
           9           9           1   1.3433582459019513E-002
           9           9           2   0.0000000000000000     
           9           9           3   0.0000000000000000     
           9           9           4   0.0000000000000000     
           9           9           5   0.0000000000000000     
           9          10          -5   0.0000000000000000     
           9          10          -4   0.0000000000000000     
           9          10          -3   0.0000000000000000     
           9          10          -2   0.0000000000000000     
           9          10          -1   1.0141554621169896E-002
           9          10           0   5.3846982879696484E-002
           9          10           1   1.0141554621169889E-002
           9          10           2   0.0000000000000000     
           9          10           3   0.0000000000000000     
           9          10           4   0.0000000000000000     
           9          10           5   0.0000000000000000     
           9          11          -5   0.0000000000000000     
           9          11          -4   0.0000000000000000     
           9          11          -3   0.0000000000000000     
           9          11          -2   0.0000000000000000     
           9          11          -1   5.2466689914175343E-003
           9          11           0   6.3631361839347006E-002
           9          11           1   5.2466689914175369E-003
           9          11           2   0.0000000000000000     
           9          11           3   0.0000000000000000     
           9          11           4   0.0000000000000000     
           9          11           5   0.0000000000000000     
           9          12          -5   0.0000000000000000     
           9          12          -4   0.0000000000000000     
           9          12          -3   0.0000000000000000     
           9          12          -2   0.0000000000000000     
           9          12          -1   2.1277607312481235E-003
           9          12           0   3.4522147484728982E-002
           9          12           1   2.1277607312481244E-003
           9          12           2   0.0000000000000000     
           9          12           3   0.0000000000000000     
           9          12           4   0.0000000000000000     
           9          12           5   0.0000000000000000     
           9          13          -5   0.0000000000000000     
           9          13          -4   0.0000000000000000     
           9          13          -3   0.0000000000000000     
           9          13          -2   0.0000000000000000     
           9          13          -1   5.5583084532606619E-004
           9          13           0   8.0115776488230393E-003
           9          13           1   5.5583084532606609E-004
           9          13           2   0.0000000000000000     
           9          13           3   0.0000000000000000     
           9          13           4   0.0000000000000000     
           9          13           5   0.0000000000000000     
           9          14          -5   0.0000000000000000     
           9          14          -4   0.0000000000000000     
           9          14          -3   0.0000000000000000     
           9          14          -2   0.0000000000000000     
           9          14          -1   2.4164965763225936E-005
           9          14           0   1.6763045506938661E-003
           9          14           1   2.4164965763225933E-005
           9          14           2   0.0000000000000000     
           9          14           3   0.0000000000000000     
           9          14           4   0.0000000000000000     
           9          14           5   0.0000000000000000     
           9          15          -5   0.0000000000000000     
           9          15          -4   0.0000000000000000     
           9          15          -3   0.0000000000000000     
           9          15          -2   0.0000000000000000     
           9          15          -1   0.0000000000000000     
           9          15           0   0.0000000000000000     
           9          15           1   0.0000000000000000     
           9          15           2   0.0000000000000000     
           9          15           3   0.0000000000000000     
           9          15           4   0.0000000000000000     
           9          15           5   0.0000000000000000     
           9          16          -5   0.0000000000000000     
           9          16          -4   0.0000000000000000     
           9          16          -3   0.0000000000000000     
           9          16          -2   0.0000000000000000     
           9          16          -1   0.0000000000000000     
           9          16           0   0.0000000000000000     
           9          16           1   0.0000000000000000     
           9          16           2   0.0000000000000000     
           9          16           3   0.0000000000000000     
           9          16           4   0.0000000000000000     
           9          16           5   0.0000000000000000     
           9          17          -5   0.0000000000000000     
           9          17          -4   0.0000000000000000     
           9          17          -3   0.0000000000000000     
           9          17          -2   0.0000000000000000     
           9          17          -1   0.0000000000000000     
           9          17           0   0.0000000000000000     
           9          17           1   0.0000000000000000     
           9          17           2   0.0000000000000000     
           9          17           3   0.0000000000000000     
           9          17           4   0.0000000000000000     
           9          17           5   0.0000000000000000     
           9          18          -5   0.0000000000000000     
           9          18          -4   0.0000000000000000     
           9          18          -3   0.0000000000000000     
           9          18          -2   0.0000000000000000     
           9          18          -1   0.0000000000000000     
           9          18           0   0.0000000000000000     
           9          18           1   0.0000000000000000     
           9          18           2   0.0000000000000000     
           9          18           3   0.0000000000000000     
           9          18           4   0.0000000000000000     
           9          18           5   0.0000000000000000     
           9          19          -5   0.0000000000000000     
           9          19          -4   0.0000000000000000     
           9          19          -3   0.0000000000000000     
           9          19          -2   0.0000000000000000     
           9          19          -1   0.0000000000000000     
           9          19           0   0.0000000000000000     
           9          19           1   0.0000000000000000     
           9          19           2   0.0000000000000000     
           9          19           3   0.0000000000000000     
           9          19           4   0.0000000000000000     
           9          19           5   0.0000000000000000     
           9          20          -5   0.0000000000000000     
           9          20          -4   0.0000000000000000     
           9          20          -3   0.0000000000000000     
           9          20          -2   0.0000000000000000     
           9          20          -1   0.0000000000000000     
           9          20           0   0.0000000000000000     
           9          20           1   0.0000000000000000     
           9          20           2   0.0000000000000000     
           9          20           3   0.0000000000000000     
           9          20           4   0.0000000000000000     
           9          20           5   0.0000000000000000     
          10           1          -5   0.0000000000000000     
          10           1          -4   0.0000000000000000     
          10           1          -3   0.0000000000000000     
          10           1          -2   0.0000000000000000     
          10           1          -1   0.0000000000000000     
          10           1           0   0.0000000000000000     
          10           1           1   0.0000000000000000     
          10           1           2   0.0000000000000000     
          10           1           3   0.0000000000000000     
          10           1           4   0.0000000000000000     
          10           1           5   0.0000000000000000     
          10           2          -5   0.0000000000000000     
          10           2          -4   0.0000000000000000     
          10           2          -3   0.0000000000000000     
          10           2          -2   0.0000000000000000     
          10           2          -1   0.0000000000000000     
          10           2           0   0.0000000000000000     
          10           2           1   0.0000000000000000     
          10           2           2   0.0000000000000000     
          10           2           3   0.0000000000000000     
          10           2           4   0.0000000000000000     
          10           2           5   0.0000000000000000     
          10           3          -5   0.0000000000000000     
          10           3          -4   0.0000000000000000     
          10           3          -3   0.0000000000000000     
          10           3          -2   0.0000000000000000     
          10           3          -1   0.0000000000000000     
          10           3           0   0.0000000000000000     
          10           3           1   0.0000000000000000     
          10           3           2   0.0000000000000000     
          10           3           3   0.0000000000000000     
          10           3           4   0.0000000000000000     
          10           3           5   0.0000000000000000     
          10           4          -5   0.0000000000000000     
          10           4          -4   0.0000000000000000     
          10           4          -3   0.0000000000000000     
          10           4          -2   0.0000000000000000     
          10           4          -1   0.0000000000000000     
          10           4           0   0.0000000000000000     
          10           4           1   0.0000000000000000     
          10           4           2   0.0000000000000000     
          10           4           3   0.0000000000000000     
          10           4           4   0.0000000000000000     
          10           4           5   0.0000000000000000     
          10           5          -5   0.0000000000000000     
          10           5          -4   0.0000000000000000     
          10           5          -3   0.0000000000000000     
          10           5          -2   0.0000000000000000     
          10           5          -1   2.4164965763225170E-005
          10           5           0   1.6763045506943126E-003
          10           5           1   2.4164965763225170E-005
          10           5           2   0.0000000000000000     
          10           5           3   0.0000000000000000     
          10           5           4   0.0000000000000000     
          10           5           5   0.0000000000000000     
          10           6          -5   0.0000000000000000     
          10           6          -4   0.0000000000000000     
          10           6          -3   0.0000000000000000     
          10           6          -2   0.0000000000000000     
          10           6          -1   5.5583084532604668E-004
          10           6           0   8.0115776488313608E-003
          10           6           1   5.5583084532604668E-004
          10           6           2   0.0000000000000000     
          10           6           3   0.0000000000000000     
          10           6           4   0.0000000000000000     
          10           6           5   0.0000000000000000     
          10           7          -5   0.0000000000000000     
          10           7          -4   0.0000000000000000     
          10           7          -3   0.0000000000000000     
          10           7          -2   0.0000000000000000     
          10           7          -1   2.1277607312479466E-003
          10           7           0   3.4522147484689437E-002
          10           7           1   2.1277607312479466E-003
          10           7           2   0.0000000000000000     
          10           7           3   0.0000000000000000     
          10           7           4   0.0000000000000000     
          10           7           5   0.0000000000000000     
          10           8          -5   0.0000000000000000     
          10           8          -4   0.0000000000000000     
          10           8          -3   0.0000000000000000     
          10           8          -2   0.0000000000000000     
          10           8          -1   5.2466689914177503E-003
          10           8           0   6.3631361839350739E-002
          10           8           1   5.2466689914177512E-003
          10           8           2   0.0000000000000000     
          10           8           3   0.0000000000000000     
          10           8           4   0.0000000000000000     
          10           8           5   0.0000000000000000     
          10           9          -5   0.0000000000000000     
          10           9          -4   0.0000000000000000     
          10           9          -3   0.0000000000000000     
          10           9          -2   0.0000000000000000     
          10           9          -1   1.0141554621169592E-002
          10           9           0   5.3846982879696664E-002
          10           9           1   1.0141554621169594E-002
          10           9           2   0.0000000000000000     
          10           9           3   0.0000000000000000     
          10           9           4   0.0000000000000000     
          10           9           5   0.0000000000000000     
          10          10          -5   0.0000000000000000     
          10          10          -4   0.0000000000000000     
          10          10          -3   0.0000000000000000     
          10          10          -2   0.0000000000000000     
          10          10          -1   1.3433582459019499E-002
          10          10           0   4.8912364902896313E-002
          10          10           1   1.3433582459019513E-002
          10          10           2   0.0000000000000000     
          10          10           3   0.0000000000000000     
          10          10           4   0.0000000000000000     
          10          10           5   0.0000000000000000     
          10          11          -5   0.0000000000000000     
          10          11          -4   0.0000000000000000     
          10          11          -3   0.0000000000000000     
          10          11          -2   0.0000000000000000     
          10          11          -1   1.0141554621169896E-002
          10          11           0   5.3846982879696484E-002
          10          11           1   1.0141554621169890E-002
          10          11           2   0.0000000000000000     
          10          11           3   0.0000000000000000     
          10          11           4   0.0000000000000000     
          10          11           5   0.0000000000000000     
          10          12          -5   0.0000000000000000     
          10          12          -4   0.0000000000000000     
          10          12          -3   0.0000000000000000     
          10          12          -2   0.0000000000000000     
          10          12          -1   5.2466689914175369E-003
          10          12           0   6.3631361839347048E-002
          10          12           1   5.2466689914175369E-003
          10          12           2   0.0000000000000000     
          10          12           3   0.0000000000000000     
          10          12           4   0.0000000000000000     
          10          12           5   0.0000000000000000     
          10          13          -5   0.0000000000000000     
          10          13          -4   0.0000000000000000     
          10          13          -3   0.0000000000000000     
          10          13          -2   0.0000000000000000     
          10          13          -1   2.1277607312481235E-003
          10          13           0   3.4522147484728989E-002
          10          13           1   2.1277607312481244E-003
          10          13           2   0.0000000000000000     
          10          13           3   0.0000000000000000     
          10          13           4   0.0000000000000000     
          10          13           5   0.0000000000000000     
          10          14          -5   0.0000000000000000     
          10          14          -4   0.0000000000000000     
          10          14          -3   0.0000000000000000     
          10          14          -2   0.0000000000000000     
          10          14          -1   5.5583084532606609E-004
          10          14           0   8.0115776488230393E-003
          10          14           1   5.5583084532606598E-004
          10          14           2   0.0000000000000000     
          10          14           3   0.0000000000000000     
          10          14           4   0.0000000000000000     
          10          14           5   0.0000000000000000     
          10          15          -5   0.0000000000000000     
          10          15          -4   0.0000000000000000     
          10          15          -3   0.0000000000000000     
          10          15          -2   0.0000000000000000     
          10          15          -1   2.4164965763225936E-005
          10          15           0   1.6763045506938657E-003
          10          15           1   2.4164965763225926E-005
          10          15           2   0.0000000000000000     
          10          15           3   0.0000000000000000     
          10          15           4   0.0000000000000000     
          10          15           5   0.0000000000000000     
          10          16          -5   0.0000000000000000     
          10          16          -4   0.0000000000000000     
          10          16          -3   0.0000000000000000     
          10          16          -2   0.0000000000000000     
          10          16          -1   0.0000000000000000     
          10          16           0   0.0000000000000000     
          10          16           1   0.0000000000000000     
          10          16           2   0.0000000000000000     
          10          16           3   0.0000000000000000     
          10          16           4   0.0000000000000000     
          10          16           5   0.0000000000000000     
          10          17          -5   0.0000000000000000     
          10          17          -4   0.0000000000000000     
          10          17          -3   0.0000000000000000     
          10          17          -2   0.0000000000000000     
          10          17          -1   0.0000000000000000     
          10          17           0   0.0000000000000000     
          10          17           1   0.0000000000000000     
          10          17           2   0.0000000000000000     
          10          17           3   0.0000000000000000     
          10          17           4   0.0000000000000000     
          10          17           5   0.0000000000000000     
          10          18          -5   0.0000000000000000     
          10          18          -4   0.0000000000000000     
          10          18          -3   0.0000000000000000     
          10          18          -2   0.0000000000000000     
          10          18          -1   0.0000000000000000     
          10          18           0   0.0000000000000000     
          10          18           1   0.0000000000000000     
          10          18           2   0.0000000000000000     
          10          18           3   0.0000000000000000     
          10          18           4   0.0000000000000000     
          10          18           5   0.0000000000000000     
          10          19          -5   0.0000000000000000     
          10          19          -4   0.0000000000000000     
          10          19          -3   0.0000000000000000     
          10          19          -2   0.0000000000000000     
          10          19          -1   0.0000000000000000     
          10          19           0   0.0000000000000000     
          10          19           1   0.0000000000000000     
          10          19           2   0.0000000000000000     
          10          19           3   0.0000000000000000     
          10          19           4   0.0000000000000000     
          10          19           5   0.0000000000000000     
          10          20          -5   0.0000000000000000     
          10          20          -4   0.0000000000000000     
          10          20          -3   0.0000000000000000     
          10          20          -2   0.0000000000000000     
          10          20          -1   0.0000000000000000     
          10          20           0   0.0000000000000000     
          10          20           1   0.0000000000000000     
          10          20           2   0.0000000000000000     
          10          20           3   0.0000000000000000     
          10          20           4   0.0000000000000000     
          10          20           5   0.0000000000000000     
          11           1          -5   0.0000000000000000     
          11           1          -4   0.0000000000000000     
          11           1          -3   0.0000000000000000     
          11           1          -2   0.0000000000000000     
          11           1          -1   0.0000000000000000     
          11           1           0   0.0000000000000000     
          11           1           1   0.0000000000000000     
          11           1           2   0.0000000000000000     
          11           1           3   0.0000000000000000     
          11           1           4   0.0000000000000000     
          11           1           5   0.0000000000000000     
          11           2          -5   0.0000000000000000     
          11           2          -4   0.0000000000000000     
          11           2          -3   0.0000000000000000     
          11           2          -2   0.0000000000000000     
          11           2          -1   0.0000000000000000     
          11           2           0   0.0000000000000000     
          11           2           1   0.0000000000000000     
          11           2           2   0.0000000000000000     
          11           2           3   0.0000000000000000     
          11           2           4   0.0000000000000000     
          11           2           5   0.0000000000000000     
          11           3          -5   0.0000000000000000     
          11           3          -4   0.0000000000000000     
          11           3          -3   0.0000000000000000     
          11           3          -2   0.0000000000000000     
          11           3          -1   0.0000000000000000     
          11           3           0   0.0000000000000000     
          11           3           1   0.0000000000000000     
          11           3           2   0.0000000000000000     
          11           3           3   0.0000000000000000     
          11           3           4   0.0000000000000000     
          11           3           5   0.0000000000000000     
          11           4          -5   0.0000000000000000     
          11           4          -4   0.0000000000000000     
          11           4          -3   0.0000000000000000     
          11           4          -2   0.0000000000000000     
          11           4          -1   0.0000000000000000     
          11           4           0   0.0000000000000000     
          11           4           1   0.0000000000000000     
          11           4           2   0.0000000000000000     
          11           4           3   0.0000000000000000     
          11           4           4   0.0000000000000000     
          11           4           5   0.0000000000000000     
          11           5          -5   0.0000000000000000     
          11           5          -4   0.0000000000000000     
          11           5          -3   0.0000000000000000     
          11           5          -2   0.0000000000000000     
          11           5          -1   0.0000000000000000     
          11           5           0   0.0000000000000000     
          11           5           1   0.0000000000000000     
          11           5           2   0.0000000000000000     
          11           5           3   0.0000000000000000     
          11           5           4   0.0000000000000000     
          11           5           5   0.0000000000000000     
          11           6          -5   0.0000000000000000     
          11           6          -4   0.0000000000000000     
          11           6          -3   0.0000000000000000     
          11           6          -2   0.0000000000000000     
          11           6          -1   2.4164965763225170E-005
          11           6           0   1.6763045506943126E-003
          11           6           1   2.4164965763225170E-005
          11           6           2   0.0000000000000000     
          11           6           3   0.0000000000000000     
          11           6           4   0.0000000000000000     
          11           6           5   0.0000000000000000     
          11           7          -5   0.0000000000000000     
          11           7          -4   0.0000000000000000     
          11           7          -3   0.0000000000000000     
          11           7          -2   0.0000000000000000     
          11           7          -1   5.5583084532604668E-004
          11           7           0   8.0115776488313608E-003
          11           7           1   5.5583084532604668E-004
          11           7           2   0.0000000000000000     
          11           7           3   0.0000000000000000     
          11           7           4   0.0000000000000000     
          11           7           5   0.0000000000000000     
          11           8          -5   0.0000000000000000     
          11           8          -4   0.0000000000000000     
          11           8          -3   0.0000000000000000     
          11           8          -2   0.0000000000000000     
          11           8          -1   2.1277607312479466E-003
          11           8           0   3.4522147484689437E-002
          11           8           1   2.1277607312479466E-003
          11           8           2   0.0000000000000000     
          11           8           3   0.0000000000000000     
          11           8           4   0.0000000000000000     
          11           8           5   0.0000000000000000     
          11           9          -5   0.0000000000000000     
          11           9          -4   0.0000000000000000     
          11           9          -3   0.0000000000000000     
          11           9          -2   0.0000000000000000     
          11           9          -1   5.2466689914177503E-003
          11           9           0   6.3631361839350739E-002
          11           9           1   5.2466689914177512E-003
          11           9           2   0.0000000000000000     
          11           9           3   0.0000000000000000     
          11           9           4   0.0000000000000000     
          11           9           5   0.0000000000000000     
          11          10          -5   0.0000000000000000     
          11          10          -4   0.0000000000000000     
          11          10          -3   0.0000000000000000     
          11          10          -2   0.0000000000000000     
          11          10          -1   1.0141554621169592E-002
          11          10           0   5.3846982879696664E-002
          11          10           1   1.0141554621169595E-002
          11          10           2   0.0000000000000000     
          11          10           3   0.0000000000000000     
          11          10           4   0.0000000000000000     
          11          10           5   0.0000000000000000     
          11          11          -5   0.0000000000000000     
          11          11          -4   0.0000000000000000     
          11          11          -3   0.0000000000000000     
          11          11          -2   0.0000000000000000     
          11          11          -1   1.3433582459019499E-002
          11          11           0   4.8912364902896313E-002
          11          11           1   1.3433582459019513E-002
          11          11           2   0.0000000000000000     
          11          11           3   0.0000000000000000     
          11          11           4   0.0000000000000000     
          11          11           5   0.0000000000000000     
          11          12          -5   0.0000000000000000     
          11          12          -4   0.0000000000000000     
          11          12          -3   0.0000000000000000     
          11          12          -2   0.0000000000000000     
          11          12          -1   1.0141554621169896E-002
          11          12           0   5.3846982879696484E-002
          11          12           1   1.0141554621169890E-002
          11          12           2   0.0000000000000000     
          11          12           3   0.0000000000000000     
          11          12           4   0.0000000000000000     
          11          12           5   0.0000000000000000     
          11          13          -5   0.0000000000000000     
          11          13          -4   0.0000000000000000     
          11          13          -3   0.0000000000000000     
          11          13          -2   0.0000000000000000     
          11          13          -1   5.2466689914175369E-003
          11          13           0   6.3631361839347048E-002
          11          13           1   5.2466689914175369E-003
          11          13           2   0.0000000000000000     
          11          13           3   0.0000000000000000     
          11          13           4   0.0000000000000000     
          11          13           5   0.0000000000000000     
          11          14          -5   0.0000000000000000     
          11          14          -4   0.0000000000000000     
          11          14          -3   0.0000000000000000     
          11          14          -2   0.0000000000000000     
          11          14          -1   2.1277607312481235E-003
          11          14           0   3.4522147484728989E-002
          11          14           1   2.1277607312481244E-003
          11          14           2   0.0000000000000000     
          11          14           3   0.0000000000000000     
          11          14           4   0.0000000000000000     
          11          14           5   0.0000000000000000     
          11          15          -5   0.0000000000000000     
          11          15          -4   0.0000000000000000     
          11          15          -3   0.0000000000000000     
          11          15          -2   0.0000000000000000     
          11          15          -1   5.5583084532606609E-004
          11          15           0   8.0115776488230393E-003
          11          15           1   5.5583084532606598E-004
          11          15           2   0.0000000000000000     
          11          15           3   0.0000000000000000     
          11          15           4   0.0000000000000000     
          11          15           5   0.0000000000000000     
          11          16          -5   0.0000000000000000     
          11          16          -4   0.0000000000000000     
          11          16          -3   0.0000000000000000     
          11          16          -2   0.0000000000000000     
          11          16          -1   2.4164965763225936E-005
          11          16           0   1.6763045506938657E-003
          11          16           1   2.4164965763225926E-005
          11          16           2   0.0000000000000000     
          11          16           3   0.0000000000000000     
          11          16           4   0.0000000000000000     
          11          16           5   0.0000000000000000     
          11          17          -5   0.0000000000000000     
          11          17          -4   0.0000000000000000     
          11          17          -3   0.0000000000000000     
          11          17          -2   0.0000000000000000     
          11          17          -1   0.0000000000000000     
          11          17           0   0.0000000000000000     
          11          17           1   0.0000000000000000     
          11          17           2   0.0000000000000000     
          11          17           3   0.0000000000000000     
          11          17           4   0.0000000000000000     
          11          17           5   0.0000000000000000     
          11          18          -5   0.0000000000000000     
          11          18          -4   0.0000000000000000     
          11          18          -3   0.0000000000000000     
          11          18          -2   0.0000000000000000     
          11          18          -1   0.0000000000000000     
          11          18           0   0.0000000000000000     
          11          18           1   0.0000000000000000     
          11          18           2   0.0000000000000000     
          11          18           3   0.0000000000000000     
          11          18           4   0.0000000000000000     
          11          18           5   0.0000000000000000     
          11          19          -5   0.0000000000000000     
          11          19          -4   0.0000000000000000     
          11          19          -3   0.0000000000000000     
          11          19          -2   0.0000000000000000     
          11          19          -1   0.0000000000000000     
          11          19           0   0.0000000000000000     
          11          19           1   0.0000000000000000     
          11          19           2   0.0000000000000000     
          11          19           3   0.0000000000000000     
          11          19           4   0.0000000000000000     
          11          19           5   0.0000000000000000     
          11          20          -5   0.0000000000000000     
          11          20          -4   0.0000000000000000     
          11          20          -3   0.0000000000000000     
          11          20          -2   0.0000000000000000     
          11          20          -1   0.0000000000000000     
          11          20           0   0.0000000000000000     
          11          20           1   0.0000000000000000     
          11          20           2   0.0000000000000000     
          11          20           3   0.0000000000000000     
          11          20           4   0.0000000000000000     
          11          20           5   0.0000000000000000     
          12           1          -5   0.0000000000000000     
          12           1          -4   0.0000000000000000     
          12           1          -3   0.0000000000000000     
          12           1          -2   0.0000000000000000     
          12           1          -1   0.0000000000000000     
          12           1           0   0.0000000000000000     
          12           1           1   0.0000000000000000     
          12           1           2   0.0000000000000000     
          12           1           3   0.0000000000000000     
          12           1           4   0.0000000000000000     
          12           1           5   0.0000000000000000     
          12           2          -5   0.0000000000000000     
          12           2          -4   0.0000000000000000     
          12           2          -3   0.0000000000000000     
          12           2          -2   0.0000000000000000     
          12           2          -1   0.0000000000000000     
          12           2           0   0.0000000000000000     
          12           2           1   0.0000000000000000     
          12           2           2   0.0000000000000000     
          12           2           3   0.0000000000000000     
          12           2           4   0.0000000000000000     
          12           2           5   0.0000000000000000     
          12           3          -5   0.0000000000000000     
          12           3          -4   0.0000000000000000     
          12           3          -3   0.0000000000000000     
          12           3          -2   0.0000000000000000     
          12           3          -1   0.0000000000000000     
          12           3           0   0.0000000000000000     
          12           3           1   0.0000000000000000     
          12           3           2   0.0000000000000000     
          12           3           3   0.0000000000000000     
          12           3           4   0.0000000000000000     
          12           3           5   0.0000000000000000     
          12           4          -5   0.0000000000000000     
          12           4          -4   0.0000000000000000     
          12           4          -3   0.0000000000000000     
          12           4          -2   0.0000000000000000     
          12           4          -1   0.0000000000000000     
          12           4           0   0.0000000000000000     
          12           4           1   0.0000000000000000     
          12           4           2   0.0000000000000000     
          12           4           3   0.0000000000000000     
          12           4           4   0.0000000000000000     
          12           4           5   0.0000000000000000     
          12           5          -5   0.0000000000000000     
          12           5          -4   0.0000000000000000     
          12           5          -3   0.0000000000000000     
          12           5          -2   0.0000000000000000     
          12           5          -1   0.0000000000000000     
          12           5           0   0.0000000000000000     
          12           5           1   0.0000000000000000     
          12           5           2   0.0000000000000000     
          12           5           3   0.0000000000000000     
          12           5           4   0.0000000000000000     
          12           5           5   0.0000000000000000     
          12           6          -5   0.0000000000000000     
          12           6          -4   0.0000000000000000     
          12           6          -3   0.0000000000000000     
          12           6          -2   0.0000000000000000     
          12           6          -1   0.0000000000000000     
          12           6           0   0.0000000000000000     
          12           6           1   0.0000000000000000     
          12           6           2   0.0000000000000000     
          12           6           3   0.0000000000000000     
          12           6           4   0.0000000000000000     
          12           6           5   0.0000000000000000     
          12           7          -5   0.0000000000000000     
          12           7          -4   0.0000000000000000     
          12           7          -3   0.0000000000000000     
          12           7          -2   0.0000000000000000     
          12           7          -1   2.4164965763225170E-005
          12           7           0   1.6763045506943126E-003
          12           7           1   2.4164965763225170E-005
          12           7           2   0.0000000000000000     
          12           7           3   0.0000000000000000     
          12           7           4   0.0000000000000000     
          12           7           5   0.0000000000000000     
          12           8          -5   0.0000000000000000     
          12           8          -4   0.0000000000000000     
          12           8          -3   0.0000000000000000     
          12           8          -2   0.0000000000000000     
          12           8          -1   5.5583084532604668E-004
          12           8           0   8.0115776488313608E-003
          12           8           1   5.5583084532604668E-004
          12           8           2   0.0000000000000000     
          12           8           3   0.0000000000000000     
          12           8           4   0.0000000000000000     
          12           8           5   0.0000000000000000     
          12           9          -5   0.0000000000000000     
          12           9          -4   0.0000000000000000     
          12           9          -3   0.0000000000000000     
          12           9          -2   0.0000000000000000     
          12           9          -1   2.1277607312479466E-003
          12           9           0   3.4522147484689437E-002
          12           9           1   2.1277607312479466E-003
          12           9           2   0.0000000000000000     
          12           9           3   0.0000000000000000     
          12           9           4   0.0000000000000000     
          12           9           5   0.0000000000000000     
          12          10          -5   0.0000000000000000     
          12          10          -4   0.0000000000000000     
          12          10          -3   0.0000000000000000     
          12          10          -2   0.0000000000000000     
          12          10          -1   5.2466689914177495E-003
          12          10           0   6.3631361839350711E-002
          12          10           1   5.2466689914177512E-003
          12          10           2   0.0000000000000000     
          12          10           3   0.0000000000000000     
          12          10           4   0.0000000000000000     
          12          10           5   0.0000000000000000     
          12          11          -5   0.0000000000000000     
          12          11          -4   0.0000000000000000     
          12          11          -3   0.0000000000000000     
          12          11          -2   0.0000000000000000     
          12          11          -1   1.0141554621169592E-002
          12          11           0   5.3846982879696657E-002
          12          11           1   1.0141554621169595E-002
          12          11           2   0.0000000000000000     
          12          11           3   0.0000000000000000     
          12          11           4   0.0000000000000000     
          12          11           5   0.0000000000000000     
          12          12          -5   0.0000000000000000     
          12          12          -4   0.0000000000000000     
          12          12          -3   0.0000000000000000     
          12          12          -2   0.0000000000000000     
          12          12          -1   1.3433582459019499E-002
          12          12           0   4.8912364902896313E-002
          12          12           1   1.3433582459019513E-002
          12          12           2   0.0000000000000000     
          12          12           3   0.0000000000000000     
          12          12           4   0.0000000000000000     
          12          12           5   0.0000000000000000     
          12          13          -5   0.0000000000000000     
          12          13          -4   0.0000000000000000     
          12          13          -3   0.0000000000000000     
          12          13          -2   0.0000000000000000     
          12          13          -1   1.0141554621169896E-002
          12          13           0   5.3846982879696484E-002
          12          13           1   1.0141554621169890E-002
          12          13           2   0.0000000000000000     
          12          13           3   0.0000000000000000     
          12          13           4   0.0000000000000000     
          12          13           5   0.0000000000000000     
          12          14          -5   0.0000000000000000     
          12          14          -4   0.0000000000000000     
          12          14          -3   0.0000000000000000     
          12          14          -2   0.0000000000000000     
          12          14          -1   5.2466689914175369E-003
          12          14           0   6.3631361839347048E-002
          12          14           1   5.2466689914175369E-003
          12          14           2   0.0000000000000000     
          12          14           3   0.0000000000000000     
          12          14           4   0.0000000000000000     
          12          14           5   0.0000000000000000     
          12          15          -5   0.0000000000000000     
          12          15          -4   0.0000000000000000     
          12          15          -3   0.0000000000000000     
          12          15          -2   0.0000000000000000     
          12          15          -1   2.1277607312481235E-003
          12          15           0   3.4522147484728989E-002
          12          15           1   2.1277607312481244E-003
          12          15           2   0.0000000000000000     
          12          15           3   0.0000000000000000     
          12          15           4   0.0000000000000000     
          12          15           5   0.0000000000000000     
          12          16          -5   0.0000000000000000     
          12          16          -4   0.0000000000000000     
          12          16          -3   0.0000000000000000     
          12          16          -2   0.0000000000000000     
          12          16          -1   5.5583084532606609E-004
          12          16           0   8.0115776488230393E-003
          12          16           1   5.5583084532606598E-004
          12          16           2   0.0000000000000000     
          12          16           3   0.0000000000000000     
          12          16           4   0.0000000000000000     
          12          16           5   0.0000000000000000     
          12          17          -5   0.0000000000000000     
          12          17          -4   0.0000000000000000     
          12          17          -3   0.0000000000000000     
          12          17          -2   0.0000000000000000     
          12          17          -1   2.4164965763225936E-005
          12          17           0   1.6763045506938657E-003
          12          17           1   2.4164965763225926E-005
          12          17           2   0.0000000000000000     
          12          17           3   0.0000000000000000     
          12          17           4   0.0000000000000000     
          12          17           5   0.0000000000000000     
          12          18          -5   0.0000000000000000     
          12          18          -4   0.0000000000000000     
          12          18          -3   0.0000000000000000     
          12          18          -2   0.0000000000000000     
          12          18          -1   0.0000000000000000     
          12          18           0   0.0000000000000000     
          12          18           1   0.0000000000000000     
          12          18           2   0.0000000000000000     
          12          18           3   0.0000000000000000     
          12          18           4   0.0000000000000000     
          12          18           5   0.0000000000000000     
          12          19          -5   0.0000000000000000     
          12          19          -4   0.0000000000000000     
          12          19          -3   0.0000000000000000     
          12          19          -2   0.0000000000000000     
          12          19          -1   0.0000000000000000     
          12          19           0   0.0000000000000000     
          12          19           1   0.0000000000000000     
          12          19           2   0.0000000000000000     
          12          19           3   0.0000000000000000     
          12          19           4   0.0000000000000000     
          12          19           5   0.0000000000000000     
          12          20          -5   0.0000000000000000     
          12          20          -4   0.0000000000000000     
          12          20          -3   0.0000000000000000     
          12          20          -2   0.0000000000000000     
          12          20          -1   0.0000000000000000     
          12          20           0   0.0000000000000000     
          12          20           1   0.0000000000000000     
          12          20           2   0.0000000000000000     
          12          20           3   0.0000000000000000     
          12          20           4   0.0000000000000000     
          12          20           5   0.0000000000000000     
          13           1          -5   0.0000000000000000     
          13           1          -4   0.0000000000000000     
          13           1          -3   0.0000000000000000     
          13           1          -2   0.0000000000000000     
          13           1          -1   0.0000000000000000     
          13           1           0   0.0000000000000000     
          13           1           1   0.0000000000000000     
          13           1           2   0.0000000000000000     
          13           1           3   0.0000000000000000     
          13           1           4   0.0000000000000000     
          13           1           5   0.0000000000000000     
          13           2          -5   0.0000000000000000     
          13           2          -4   0.0000000000000000     
          13           2          -3   0.0000000000000000     
          13           2          -2   0.0000000000000000     
          13           2          -1   0.0000000000000000     
          13           2           0   0.0000000000000000     
          13           2           1   0.0000000000000000     
          13           2           2   0.0000000000000000     
          13           2           3   0.0000000000000000     
          13           2           4   0.0000000000000000     
          13           2           5   0.0000000000000000     
          13           3          -5   0.0000000000000000     
          13           3          -4   0.0000000000000000     
          13           3          -3   0.0000000000000000     
          13           3          -2   0.0000000000000000     
          13           3          -1   0.0000000000000000     
          13           3           0   0.0000000000000000     
          13           3           1   0.0000000000000000     
          13           3           2   0.0000000000000000     
          13           3           3   0.0000000000000000     
          13           3           4   0.0000000000000000     
          13           3           5   0.0000000000000000     
          13           4          -5   0.0000000000000000     
          13           4          -4   0.0000000000000000     
          13           4          -3   0.0000000000000000     
          13           4          -2   0.0000000000000000     
          13           4          -1   0.0000000000000000     
          13           4           0   0.0000000000000000     
          13           4           1   0.0000000000000000     
          13           4           2   0.0000000000000000     
          13           4           3   0.0000000000000000     
          13           4           4   0.0000000000000000     
          13           4           5   0.0000000000000000     
          13           5          -5   0.0000000000000000     
          13           5          -4   0.0000000000000000     
          13           5          -3   0.0000000000000000     
          13           5          -2   0.0000000000000000     
          13           5          -1   0.0000000000000000     
          13           5           0   0.0000000000000000     
          13           5           1   0.0000000000000000     
          13           5           2   0.0000000000000000     
          13           5           3   0.0000000000000000     
          13           5           4   0.0000000000000000     
          13           5           5   0.0000000000000000     
          13           6          -5   0.0000000000000000     
          13           6          -4   0.0000000000000000     
          13           6          -3   0.0000000000000000     
          13           6          -2   0.0000000000000000     
          13           6          -1   0.0000000000000000     
          13           6           0   0.0000000000000000     
          13           6           1   0.0000000000000000     
          13           6           2   0.0000000000000000     
          13           6           3   0.0000000000000000     
          13           6           4   0.0000000000000000     
          13           6           5   0.0000000000000000     
          13           7          -5   0.0000000000000000     
          13           7          -4   0.0000000000000000     
          13           7          -3   0.0000000000000000     
          13           7          -2   0.0000000000000000     
          13           7          -1   0.0000000000000000     
          13           7           0   0.0000000000000000     
          13           7           1   0.0000000000000000     
          13           7           2   0.0000000000000000     
          13           7           3   0.0000000000000000     
          13           7           4   0.0000000000000000     
          13           7           5   0.0000000000000000     
          13           8          -5   0.0000000000000000     
          13           8          -4   0.0000000000000000     
          13           8          -3   0.0000000000000000     
          13           8          -2   0.0000000000000000     
          13           8          -1   2.4164965763225170E-005
          13           8           0   1.6763045506943126E-003
          13           8           1   2.4164965763225170E-005
          13           8           2   0.0000000000000000     
          13           8           3   0.0000000000000000     
          13           8           4   0.0000000000000000     
          13           8           5   0.0000000000000000     
          13           9          -5   0.0000000000000000     
          13           9          -4   0.0000000000000000     
          13           9          -3   0.0000000000000000     
          13           9          -2   0.0000000000000000     
          13           9          -1   5.5583084532604668E-004
          13           9           0   8.0115776488313608E-003
          13           9           1   5.5583084532604668E-004
          13           9           2   0.0000000000000000     
          13           9           3   0.0000000000000000     
          13           9           4   0.0000000000000000     
          13           9           5   0.0000000000000000     
          13          10          -5   0.0000000000000000     
          13          10          -4   0.0000000000000000     
          13          10          -3   0.0000000000000000     
          13          10          -2   0.0000000000000000     
          13          10          -1   2.1277607312479466E-003
          13          10           0   3.4522147484689396E-002
          13          10           1   2.1277607312479461E-003
          13          10           2   0.0000000000000000     
          13          10           3   0.0000000000000000     
          13          10           4   0.0000000000000000     
          13          10           5   0.0000000000000000     
          13          11          -5   0.0000000000000000     
          13          11          -4   0.0000000000000000     
          13          11          -3   0.0000000000000000     
          13          11          -2   0.0000000000000000     
          13          11          -1   5.2466689914177503E-003
          13          11           0   6.3631361839350697E-002
          13          11           1   5.2466689914177512E-003
          13          11           2   0.0000000000000000     
          13          11           3   0.0000000000000000     
          13          11           4   0.0000000000000000     
          13          11           5   0.0000000000000000     
          13          12          -5   0.0000000000000000     
          13          12          -4   0.0000000000000000     
          13          12          -3   0.0000000000000000     
          13          12          -2   0.0000000000000000     
          13          12          -1   1.0141554621169592E-002
          13          12           0   5.3846982879696664E-002
          13          12           1   1.0141554621169594E-002
          13          12           2   0.0000000000000000     
          13          12           3   0.0000000000000000     
          13          12           4   0.0000000000000000     
          13          12           5   0.0000000000000000     
          13          13          -5   0.0000000000000000     
          13          13          -4   0.0000000000000000     
          13          13          -3   0.0000000000000000     
          13          13          -2   0.0000000000000000     
          13          13          -1   1.3433582459019499E-002
          13          13           0   4.8912364902896320E-002
          13          13           1   1.3433582459019513E-002
          13          13           2   0.0000000000000000     
          13          13           3   0.0000000000000000     
          13          13           4   0.0000000000000000     
          13          13           5   0.0000000000000000     
          13          14          -5   0.0000000000000000     
          13          14          -4   0.0000000000000000     
          13          14          -3   0.0000000000000000     
          13          14          -2   0.0000000000000000     
          13          14          -1   1.0141554621169896E-002
          13          14           0   5.3846982879696491E-002
          13          14           1   1.0141554621169889E-002
          13          14           2   0.0000000000000000     
          13          14           3   0.0000000000000000     
          13          14           4   0.0000000000000000     
          13          14           5   0.0000000000000000     
          13          15          -5   0.0000000000000000     
          13          15          -4   0.0000000000000000     
          13          15          -3   0.0000000000000000     
          13          15          -2   0.0000000000000000     
          13          15          -1   5.2466689914175378E-003
          13          15           0   6.3631361839347020E-002
          13          15           1   5.2466689914175378E-003
          13          15           2   0.0000000000000000     
          13          15           3   0.0000000000000000     
          13          15           4   0.0000000000000000     
          13          15           5   0.0000000000000000     
          13          16          -5   0.0000000000000000     
          13          16          -4   0.0000000000000000     
          13          16          -3   0.0000000000000000     
          13          16          -2   0.0000000000000000     
          13          16          -1   2.1277607312481235E-003
          13          16           0   3.4522147484728989E-002
          13          16           1   2.1277607312481244E-003
          13          16           2   0.0000000000000000     
          13          16           3   0.0000000000000000     
          13          16           4   0.0000000000000000     
          13          16           5   0.0000000000000000     
          13          17          -5   0.0000000000000000     
          13          17          -4   0.0000000000000000     
          13          17          -3   0.0000000000000000     
          13          17          -2   0.0000000000000000     
          13          17          -1   5.5583084532606609E-004
          13          17           0   8.0115776488230376E-003
          13          17           1   5.5583084532606598E-004
          13          17           2   0.0000000000000000     
          13          17           3   0.0000000000000000     
          13          17           4   0.0000000000000000     
          13          17           5   0.0000000000000000     
          13          18          -5   0.0000000000000000     
          13          18          -4   0.0000000000000000     
          13          18          -3   0.0000000000000000     
          13          18          -2   0.0000000000000000     
          13          18          -1   2.4164965763225936E-005
          13          18           0   1.6763045506938657E-003
          13          18           1   2.4164965763225926E-005
          13          18           2   0.0000000000000000     
          13          18           3   0.0000000000000000     
          13          18           4   0.0000000000000000     
          13          18           5   0.0000000000000000     
          13          19          -5   0.0000000000000000     
          13          19          -4   0.0000000000000000     
          13          19          -3   0.0000000000000000     
          13          19          -2   0.0000000000000000     
          13          19          -1   0.0000000000000000     
          13          19           0   0.0000000000000000     
          13          19           1   0.0000000000000000     
          13          19           2   0.0000000000000000     
          13          19           3   0.0000000000000000     
          13          19           4   0.0000000000000000     
          13          19           5   0.0000000000000000     
          13          20          -5   0.0000000000000000     
          13          20          -4   0.0000000000000000     
          13          20          -3   0.0000000000000000     
          13          20          -2   0.0000000000000000     
          13          20          -1   0.0000000000000000     
          13          20           0   0.0000000000000000     
          13          20           1   0.0000000000000000     
          13          20           2   0.0000000000000000     
          13          20           3   0.0000000000000000     
          13          20           4   0.0000000000000000     
          13          20           5   0.0000000000000000     
          14           1          -5   0.0000000000000000     
          14           1          -4   0.0000000000000000     
          14           1          -3   0.0000000000000000     
          14           1          -2   0.0000000000000000     
          14           1          -1   0.0000000000000000     
          14           1           0   0.0000000000000000     
          14           1           1   0.0000000000000000     
          14           1           2   0.0000000000000000     
          14           1           3   0.0000000000000000     
          14           1           4   0.0000000000000000     
          14           1           5   0.0000000000000000     
          14           2          -5   0.0000000000000000     
          14           2          -4   0.0000000000000000     
          14           2          -3   0.0000000000000000     
          14           2          -2   0.0000000000000000     
          14           2          -1   0.0000000000000000     
          14           2           0   0.0000000000000000     
          14           2           1   0.0000000000000000     
          14           2           2   0.0000000000000000     
          14           2           3   0.0000000000000000     
          14           2           4   0.0000000000000000     
          14           2           5   0.0000000000000000     
          14           3          -5   0.0000000000000000     
          14           3          -4   0.0000000000000000     
          14           3          -3   0.0000000000000000     
          14           3          -2   0.0000000000000000     
          14           3          -1   0.0000000000000000     
          14           3           0   0.0000000000000000     
          14           3           1   0.0000000000000000     
          14           3           2   0.0000000000000000     
          14           3           3   0.0000000000000000     
          14           3           4   0.0000000000000000     
          14           3           5   0.0000000000000000     
          14           4          -5   0.0000000000000000     
          14           4          -4   0.0000000000000000     
          14           4          -3   0.0000000000000000     
          14           4          -2   0.0000000000000000     
          14           4          -1   0.0000000000000000     
          14           4           0   0.0000000000000000     
          14           4           1   0.0000000000000000     
          14           4           2   0.0000000000000000     
          14           4           3   0.0000000000000000     
          14           4           4   0.0000000000000000     
          14           4           5   0.0000000000000000     
          14           5          -5   0.0000000000000000     
          14           5          -4   0.0000000000000000     
          14           5          -3   0.0000000000000000     
          14           5          -2   0.0000000000000000     
          14           5          -1   0.0000000000000000     
          14           5           0   0.0000000000000000     
          14           5           1   0.0000000000000000     
          14           5           2   0.0000000000000000     
          14           5           3   0.0000000000000000     
          14           5           4   0.0000000000000000     
          14           5           5   0.0000000000000000     
          14           6          -5   0.0000000000000000     
          14           6          -4   0.0000000000000000     
          14           6          -3   0.0000000000000000     
          14           6          -2   0.0000000000000000     
          14           6          -1   0.0000000000000000     
          14           6           0   0.0000000000000000     
          14           6           1   0.0000000000000000     
          14           6           2   0.0000000000000000     
          14           6           3   0.0000000000000000     
          14           6           4   0.0000000000000000     
          14           6           5   0.0000000000000000     
          14           7          -5   0.0000000000000000     
          14           7          -4   0.0000000000000000     
          14           7          -3   0.0000000000000000     
          14           7          -2   0.0000000000000000     
          14           7          -1   0.0000000000000000     
          14           7           0   0.0000000000000000     
          14           7           1   0.0000000000000000     
          14           7           2   0.0000000000000000     
          14           7           3   0.0000000000000000     
          14           7           4   0.0000000000000000     
          14           7           5   0.0000000000000000     
          14           8          -5   0.0000000000000000     
          14           8          -4   0.0000000000000000     
          14           8          -3   0.0000000000000000     
          14           8          -2   0.0000000000000000     
          14           8          -1   0.0000000000000000     
          14           8           0   0.0000000000000000     
          14           8           1   0.0000000000000000     
          14           8           2   0.0000000000000000     
          14           8           3   0.0000000000000000     
          14           8           4   0.0000000000000000     
          14           8           5   0.0000000000000000     
          14           9          -5   0.0000000000000000     
          14           9          -4   0.0000000000000000     
          14           9          -3   0.0000000000000000     
          14           9          -2   0.0000000000000000     
          14           9          -1   2.4164965763225170E-005
          14           9           0   1.6763045506943126E-003
          14           9           1   2.4164965763225170E-005
          14           9           2   0.0000000000000000     
          14           9           3   0.0000000000000000     
          14           9           4   0.0000000000000000     
          14           9           5   0.0000000000000000     
          14          10          -5   0.0000000000000000     
          14          10          -4   0.0000000000000000     
          14          10          -3   0.0000000000000000     
          14          10          -2   0.0000000000000000     
          14          10          -1   5.5583084532604668E-004
          14          10           0   8.0115776488313608E-003
          14          10           1   5.5583084532604668E-004
          14          10           2   0.0000000000000000     
          14          10           3   0.0000000000000000     
          14          10           4   0.0000000000000000     
          14          10           5   0.0000000000000000     
          14          11          -5   0.0000000000000000     
          14          11          -4   0.0000000000000000     
          14          11          -3   0.0000000000000000     
          14          11          -2   0.0000000000000000     
          14          11          -1   2.1277607312479466E-003
          14          11           0   3.4522147484689389E-002
          14          11           1   2.1277607312479461E-003
          14          11           2   0.0000000000000000     
          14          11           3   0.0000000000000000     
          14          11           4   0.0000000000000000     
          14          11           5   0.0000000000000000     
          14          12          -5   0.0000000000000000     
          14          12          -4   0.0000000000000000     
          14          12          -3   0.0000000000000000     
          14          12          -2   0.0000000000000000     
          14          12          -1   5.2466689914177503E-003
          14          12           0   6.3631361839350697E-002
          14          12           1   5.2466689914177512E-003
          14          12           2   0.0000000000000000     
          14          12           3   0.0000000000000000     
          14          12           4   0.0000000000000000     
          14          12           5   0.0000000000000000     
          14          13          -5   0.0000000000000000     
          14          13          -4   0.0000000000000000     
          14          13          -3   0.0000000000000000     
          14          13          -2   0.0000000000000000     
          14          13          -1   1.0141554621169592E-002
          14          13           0   5.3846982879696664E-002
          14          13           1   1.0141554621169594E-002
          14          13           2   0.0000000000000000     
          14          13           3   0.0000000000000000     
          14          13           4   0.0000000000000000     
          14          13           5   0.0000000000000000     
          14          14          -5   0.0000000000000000     
          14          14          -4   0.0000000000000000     
          14          14          -3   0.0000000000000000     
          14          14          -2   0.0000000000000000     
          14          14          -1   1.3433582459019499E-002
          14          14           0   4.8912364902896320E-002
          14          14           1   1.3433582459019513E-002
          14          14           2   0.0000000000000000     
          14          14           3   0.0000000000000000     
          14          14           4   0.0000000000000000     
          14          14           5   0.0000000000000000     
          14          15          -5   0.0000000000000000     
          14          15          -4   0.0000000000000000     
          14          15          -3   0.0000000000000000     
          14          15          -2   0.0000000000000000     
          14          15          -1   1.0141554621169896E-002
          14          15           0   5.3846982879696491E-002
          14          15           1   1.0141554621169889E-002
          14          15           2   0.0000000000000000     
          14          15           3   0.0000000000000000     
          14          15           4   0.0000000000000000     
          14          15           5   0.0000000000000000     
          14          16          -5   0.0000000000000000     
          14          16          -4   0.0000000000000000     
          14          16          -3   0.0000000000000000     
          14          16          -2   0.0000000000000000     
          14          16          -1   5.2466689914175378E-003
          14          16           0   6.3631361839347020E-002
          14          16           1   5.2466689914175378E-003
          14          16           2   0.0000000000000000     
          14          16           3   0.0000000000000000     
          14          16           4   0.0000000000000000     
          14          16           5   0.0000000000000000     
          14          17          -5   0.0000000000000000     
          14          17          -4   0.0000000000000000     
          14          17          -3   0.0000000000000000     
          14          17          -2   0.0000000000000000     
          14          17          -1   2.1277607312481235E-003
          14          17           0   3.4522147484728989E-002
          14          17           1   2.1277607312481244E-003
          14          17           2   0.0000000000000000     
          14          17           3   0.0000000000000000     
          14          17           4   0.0000000000000000     
          14          17           5   0.0000000000000000     
          14          18          -5   0.0000000000000000     
          14          18          -4   0.0000000000000000     
          14          18          -3   0.0000000000000000     
          14          18          -2   0.0000000000000000     
          14          18          -1   5.5583084532606609E-004
          14          18           0   8.0115776488230376E-003
          14          18           1   5.5583084532606598E-004
          14          18           2   0.0000000000000000     
          14          18           3   0.0000000000000000     
          14          18           4   0.0000000000000000     
          14          18           5   0.0000000000000000     
          14          19          -5   0.0000000000000000     
          14          19          -4   0.0000000000000000     
          14          19          -3   0.0000000000000000     
          14          19          -2   0.0000000000000000     
          14          19          -1   2.4164965763225936E-005
          14          19           0   1.6763045506938657E-003
          14          19           1   2.4164965763225926E-005
          14          19           2   0.0000000000000000     
          14          19           3   0.0000000000000000     
          14          19           4   0.0000000000000000     
          14          19           5   0.0000000000000000     
          14          20          -5   0.0000000000000000     
          14          20          -4   0.0000000000000000     
          14          20          -3   0.0000000000000000     
          14          20          -2   0.0000000000000000     
          14          20          -1   0.0000000000000000     
          14          20           0   0.0000000000000000     
          14          20           1   0.0000000000000000     
          14          20           2   0.0000000000000000     
          14          20           3   0.0000000000000000     
          14          20           4   0.0000000000000000     
          14          20           5   0.0000000000000000     
          15           1          -5   0.0000000000000000     
          15           1          -4   0.0000000000000000     
          15           1          -3   0.0000000000000000     
          15           1          -2   0.0000000000000000     
          15           1          -1   0.0000000000000000     
          15           1           0   0.0000000000000000     
          15           1           1   0.0000000000000000     
          15           1           2   0.0000000000000000     
          15           1           3   0.0000000000000000     
          15           1           4   0.0000000000000000     
          15           1           5   0.0000000000000000     
          15           2          -5   0.0000000000000000     
          15           2          -4   0.0000000000000000     
          15           2          -3   0.0000000000000000     
          15           2          -2   0.0000000000000000     
          15           2          -1   0.0000000000000000     
          15           2           0   0.0000000000000000     
          15           2           1   0.0000000000000000     
          15           2           2   0.0000000000000000     
          15           2           3   0.0000000000000000     
          15           2           4   0.0000000000000000     
          15           2           5   0.0000000000000000     
          15           3          -5   0.0000000000000000     
          15           3          -4   0.0000000000000000     
          15           3          -3   0.0000000000000000     
          15           3          -2   0.0000000000000000     
          15           3          -1   0.0000000000000000     
          15           3           0   0.0000000000000000     
          15           3           1   0.0000000000000000     
          15           3           2   0.0000000000000000     
          15           3           3   0.0000000000000000     
          15           3           4   0.0000000000000000     
          15           3           5   0.0000000000000000     
          15           4          -5   0.0000000000000000     
          15           4          -4   0.0000000000000000     
          15           4          -3   0.0000000000000000     
          15           4          -2   0.0000000000000000     
          15           4          -1   0.0000000000000000     
          15           4           0   0.0000000000000000     
          15           4           1   0.0000000000000000     
          15           4           2   0.0000000000000000     
          15           4           3   0.0000000000000000     
          15           4           4   0.0000000000000000     
          15           4           5   0.0000000000000000     
          15           5          -5   0.0000000000000000     
          15           5          -4   0.0000000000000000     
          15           5          -3   0.0000000000000000     
          15           5          -2   0.0000000000000000     
          15           5          -1   0.0000000000000000     
          15           5           0   0.0000000000000000     
          15           5           1   0.0000000000000000     
          15           5           2   0.0000000000000000     
          15           5           3   0.0000000000000000     
          15           5           4   0.0000000000000000     
          15           5           5   0.0000000000000000     
          15           6          -5   0.0000000000000000     
          15           6          -4   0.0000000000000000     
          15           6          -3   0.0000000000000000     
          15           6          -2   0.0000000000000000     
          15           6          -1   0.0000000000000000     
          15           6           0   0.0000000000000000     
          15           6           1   0.0000000000000000     
          15           6           2   0.0000000000000000     
          15           6           3   0.0000000000000000     
          15           6           4   0.0000000000000000     
          15           6           5   0.0000000000000000     
          15           7          -5   0.0000000000000000     
          15           7          -4   0.0000000000000000     
          15           7          -3   0.0000000000000000     
          15           7          -2   0.0000000000000000     
          15           7          -1   0.0000000000000000     
          15           7           0   0.0000000000000000     
          15           7           1   0.0000000000000000     
          15           7           2   0.0000000000000000     
          15           7           3   0.0000000000000000     
          15           7           4   0.0000000000000000     
          15           7           5   0.0000000000000000     
          15           8          -5   0.0000000000000000     
          15           8          -4   0.0000000000000000     
          15           8          -3   0.0000000000000000     
          15           8          -2   0.0000000000000000     
          15           8          -1   0.0000000000000000     
          15           8           0   0.0000000000000000     
          15           8           1   0.0000000000000000     
          15           8           2   0.0000000000000000     
          15           8           3   0.0000000000000000     
          15           8           4   0.0000000000000000     
          15           8           5   0.0000000000000000     
          15           9          -5   0.0000000000000000     
          15           9          -4   0.0000000000000000     
          15           9          -3   0.0000000000000000     
          15           9          -2   0.0000000000000000     
          15           9          -1   0.0000000000000000     
          15           9           0   0.0000000000000000     
          15           9           1   0.0000000000000000     
          15           9           2   0.0000000000000000     
          15           9           3   0.0000000000000000     
          15           9           4   0.0000000000000000     
          15           9           5   0.0000000000000000     
          15          10          -5   0.0000000000000000     
          15          10          -4   0.0000000000000000     
          15          10          -3   0.0000000000000000     
          15          10          -2   0.0000000000000000     
          15          10          -1   2.4164965763225167E-005
          15          10           0   1.6763045506943126E-003
          15          10           1   2.4164965763225167E-005
          15          10           2   0.0000000000000000     
          15          10           3   0.0000000000000000     
          15          10           4   0.0000000000000000     
          15          10           5   0.0000000000000000     
          15          11          -5   0.0000000000000000     
          15          11          -4   0.0000000000000000     
          15          11          -3   0.0000000000000000     
          15          11          -2   0.0000000000000000     
          15          11          -1   5.5583084532604668E-004
          15          11           0   8.0115776488313608E-003
          15          11           1   5.5583084532604657E-004
          15          11           2   0.0000000000000000     
          15          11           3   0.0000000000000000     
          15          11           4   0.0000000000000000     
          15          11           5   0.0000000000000000     
          15          12          -5   0.0000000000000000     
          15          12          -4   0.0000000000000000     
          15          12          -3   0.0000000000000000     
          15          12          -2   0.0000000000000000     
          15          12          -1   2.1277607312479461E-003
          15          12           0   3.4522147484689389E-002
          15          12           1   2.1277607312479457E-003
          15          12           2   0.0000000000000000     
          15          12           3   0.0000000000000000     
          15          12           4   0.0000000000000000     
          15          12           5   0.0000000000000000     
          15          13          -5   0.0000000000000000     
          15          13          -4   0.0000000000000000     
          15          13          -3   0.0000000000000000     
          15          13          -2   0.0000000000000000     
          15          13          -1   5.2466689914177460E-003
          15          13           0   6.3631361839350517E-002
          15          13           1   5.2466689914177468E-003
          15          13           2   0.0000000000000000     
          15          13           3   0.0000000000000000     
          15          13           4   0.0000000000000000     
          15          13           5   0.0000000000000000     
          15          14          -5   0.0000000000000000     
          15          14          -4   0.0000000000000000     
          15          14          -3   0.0000000000000000     
          15          14          -2   0.0000000000000000     
          15          14          -1   1.0141554621169589E-002
          15          14           0   5.3846982879696539E-002
          15          14           1   1.0141554621169592E-002
          15          14           2   0.0000000000000000     
          15          14           3   0.0000000000000000     
          15          14           4   0.0000000000000000     
          15          14           5   0.0000000000000000     
          15          15          -5   0.0000000000000000     
          15          15          -4   0.0000000000000000     
          15          15          -3   0.0000000000000000     
          15          15          -2   0.0000000000000000     
          15          15          -1   1.3433582459019497E-002
          15          15           0   4.8912364902896320E-002
          15          15           1   1.3433582459019511E-002
          15          15           2   0.0000000000000000     
          15          15           3   0.0000000000000000     
          15          15           4   0.0000000000000000     
          15          15           5   0.0000000000000000     
          15          16          -5   0.0000000000000000     
          15          16          -4   0.0000000000000000     
          15          16          -3   0.0000000000000000     
          15          16          -2   0.0000000000000000     
          15          16          -1   1.0141554621169897E-002
          15          16           0   5.3846982879696512E-002
          15          16           1   1.0141554621169892E-002
          15          16           2   0.0000000000000000     
          15          16           3   0.0000000000000000     
          15          16           4   0.0000000000000000     
          15          16           5   0.0000000000000000     
          15          17          -5   0.0000000000000000     
          15          17          -4   0.0000000000000000     
          15          17          -3   0.0000000000000000     
          15          17          -2   0.0000000000000000     
          15          17          -1   5.2466689914175448E-003
          15          17           0   6.3631361839347117E-002
          15          17           1   5.2466689914175448E-003
          15          17           2   0.0000000000000000     
          15          17           3   0.0000000000000000     
          15          17           4   0.0000000000000000     
          15          17           5   0.0000000000000000     
          15          18          -5   0.0000000000000000     
          15          18          -4   0.0000000000000000     
          15          18          -3   0.0000000000000000     
          15          18          -2   0.0000000000000000     
          15          18          -1   2.1277607312481257E-003
          15          18           0   3.4522147484729031E-002
          15          18           1   2.1277607312481261E-003
          15          18           2   0.0000000000000000     
          15          18           3   0.0000000000000000     
          15          18           4   0.0000000000000000     
          15          18           5   0.0000000000000000     
          15          19          -5   0.0000000000000000     
          15          19          -4   0.0000000000000000     
          15          19          -3   0.0000000000000000     
          15          19          -2   0.0000000000000000     
          15          19          -1   5.5583084532606652E-004
          15          19           0   8.0115776488230428E-003
          15          19           1   5.5583084532606641E-004
          15          19           2   0.0000000000000000     
          15          19           3   0.0000000000000000     
          15          19           4   0.0000000000000000     
          15          19           5   0.0000000000000000     
          15          20          -5   0.0000000000000000     
          15          20          -4   0.0000000000000000     
          15          20          -3   0.0000000000000000     
          15          20          -2   0.0000000000000000     
          15          20          -1   2.4164965763225990E-005
          15          20           0   1.6763045506938766E-003
          15          20           1   2.4164965763225980E-005
          15          20           2   0.0000000000000000     
          15          20           3   0.0000000000000000     
          15          20           4   0.0000000000000000     
          15          20           5   0.0000000000000000     
          16           1          -5   0.0000000000000000     
          16           1          -4   0.0000000000000000     
          16           1          -3   0.0000000000000000     
          16           1          -2   0.0000000000000000     
          16           1          -1   2.4164965763225882E-005
          16           1           0   1.6763045506938648E-003
          16           1           1   2.4164965763225872E-005
          16           1           2   0.0000000000000000     
          16           1           3   0.0000000000000000     
          16           1           4   0.0000000000000000     
          16           1           5   0.0000000000000000     
          16           2          -5   0.0000000000000000     
          16           2          -4   0.0000000000000000     
          16           2          -3   0.0000000000000000     
          16           2          -2   0.0000000000000000     
          16           2          -1   0.0000000000000000     
          16           2           0   0.0000000000000000     
          16           2           1   0.0000000000000000     
          16           2           2   0.0000000000000000     
          16           2           3   0.0000000000000000     
          16           2           4   0.0000000000000000     
          16           2           5   0.0000000000000000     
          16           3          -5   0.0000000000000000     
          16           3          -4   0.0000000000000000     
          16           3          -3   0.0000000000000000     
          16           3          -2   0.0000000000000000     
          16           3          -1   0.0000000000000000     
          16           3           0   0.0000000000000000     
          16           3           1   0.0000000000000000     
          16           3           2   0.0000000000000000     
          16           3           3   0.0000000000000000     
          16           3           4   0.0000000000000000     
          16           3           5   0.0000000000000000     
          16           4          -5   0.0000000000000000     
          16           4          -4   0.0000000000000000     
          16           4          -3   0.0000000000000000     
          16           4          -2   0.0000000000000000     
          16           4          -1   0.0000000000000000     
          16           4           0   0.0000000000000000     
          16           4           1   0.0000000000000000     
          16           4           2   0.0000000000000000     
          16           4           3   0.0000000000000000     
          16           4           4   0.0000000000000000     
          16           4           5   0.0000000000000000     
          16           5          -5   0.0000000000000000     
          16           5          -4   0.0000000000000000     
          16           5          -3   0.0000000000000000     
          16           5          -2   0.0000000000000000     
          16           5          -1   0.0000000000000000     
          16           5           0   0.0000000000000000     
          16           5           1   0.0000000000000000     
          16           5           2   0.0000000000000000     
          16           5           3   0.0000000000000000     
          16           5           4   0.0000000000000000     
          16           5           5   0.0000000000000000     
          16           6          -5   0.0000000000000000     
          16           6          -4   0.0000000000000000     
          16           6          -3   0.0000000000000000     
          16           6          -2   0.0000000000000000     
          16           6          -1   0.0000000000000000     
          16           6           0   0.0000000000000000     
          16           6           1   0.0000000000000000     
          16           6           2   0.0000000000000000     
          16           6           3   0.0000000000000000     
          16           6           4   0.0000000000000000     
          16           6           5   0.0000000000000000     
          16           7          -5   0.0000000000000000     
          16           7          -4   0.0000000000000000     
          16           7          -3   0.0000000000000000     
          16           7          -2   0.0000000000000000     
          16           7          -1   0.0000000000000000     
          16           7           0   0.0000000000000000     
          16           7           1   0.0000000000000000     
          16           7           2   0.0000000000000000     
          16           7           3   0.0000000000000000     
          16           7           4   0.0000000000000000     
          16           7           5   0.0000000000000000     
          16           8          -5   0.0000000000000000     
          16           8          -4   0.0000000000000000     
          16           8          -3   0.0000000000000000     
          16           8          -2   0.0000000000000000     
          16           8          -1   0.0000000000000000     
          16           8           0   0.0000000000000000     
          16           8           1   0.0000000000000000     
          16           8           2   0.0000000000000000     
          16           8           3   0.0000000000000000     
          16           8           4   0.0000000000000000     
          16           8           5   0.0000000000000000     
          16           9          -5   0.0000000000000000     
          16           9          -4   0.0000000000000000     
          16           9          -3   0.0000000000000000     
          16           9          -2   0.0000000000000000     
          16           9          -1   0.0000000000000000     
          16           9           0   0.0000000000000000     
          16           9           1   0.0000000000000000     
          16           9           2   0.0000000000000000     
          16           9           3   0.0000000000000000     
          16           9           4   0.0000000000000000     
          16           9           5   0.0000000000000000     
          16          10          -5   0.0000000000000000     
          16          10          -4   0.0000000000000000     
          16          10          -3   0.0000000000000000     
          16          10          -2   0.0000000000000000     
          16          10          -1   0.0000000000000000     
          16          10           0   0.0000000000000000     
          16          10           1   0.0000000000000000     
          16          10           2   0.0000000000000000     
          16          10           3   0.0000000000000000     
          16          10           4   0.0000000000000000     
          16          10           5   0.0000000000000000     
          16          11          -5   0.0000000000000000     
          16          11          -4   0.0000000000000000     
          16          11          -3   0.0000000000000000     
          16          11          -2   0.0000000000000000     
          16          11          -1   2.4164965763225170E-005
          16          11           0   1.6763045506943122E-003
          16          11           1   2.4164965763225170E-005
          16          11           2   0.0000000000000000     
          16          11           3   0.0000000000000000     
          16          11           4   0.0000000000000000     
          16          11           5   0.0000000000000000     
          16          12          -5   0.0000000000000000     
          16          12          -4   0.0000000000000000     
          16          12          -3   0.0000000000000000     
          16          12          -2   0.0000000000000000     
          16          12          -1   5.5583084532604679E-004
          16          12           0   8.0115776488313608E-003
          16          12           1   5.5583084532604668E-004
          16          12           2   0.0000000000000000     
          16          12           3   0.0000000000000000     
          16          12           4   0.0000000000000000     
          16          12           5   0.0000000000000000     
          16          13          -5   0.0000000000000000     
          16          13          -4   0.0000000000000000     
          16          13          -3   0.0000000000000000     
          16          13          -2   0.0000000000000000     
          16          13          -1   2.1277607312479466E-003
          16          13           0   3.4522147484689431E-002
          16          13           1   2.1277607312479470E-003
          16          13           2   0.0000000000000000     
          16          13           3   0.0000000000000000     
          16          13           4   0.0000000000000000     
          16          13           5   0.0000000000000000     
          16          14          -5   0.0000000000000000     
          16          14          -4   0.0000000000000000     
          16          14          -3   0.0000000000000000     
          16          14          -2   0.0000000000000000     
          16          14          -1   5.2466689914177547E-003
          16          14           0   6.3631361839350767E-002
          16          14           1   5.2466689914177573E-003
          16          14           2   0.0000000000000000     
          16          14           3   0.0000000000000000     
          16          14           4   0.0000000000000000     
          16          14           5   0.0000000000000000     
          16          15          -5   0.0000000000000000     
          16          15          -4   0.0000000000000000     
          16          15          -3   0.0000000000000000     
          16          15          -2   0.0000000000000000     
          16          15          -1   1.0141554621169595E-002
          16          15           0   5.3846982879696692E-002
          16          15           1   1.0141554621169597E-002
          16          15           2   0.0000000000000000     
          16          15           3   0.0000000000000000     
          16          15           4   0.0000000000000000     
          16          15           5   0.0000000000000000     
          16          16          -5   0.0000000000000000     
          16          16          -4   0.0000000000000000     
          16          16          -3   0.0000000000000000     
          16          16          -2   0.0000000000000000     
          16          16          -1   1.3433582459019502E-002
          16          16           0   4.8912364902896306E-002
          16          16           1   1.3433582459019516E-002
          16          16           2   0.0000000000000000     
          16          16           3   0.0000000000000000     
          16          16           4   0.0000000000000000     
          16          16           5   0.0000000000000000     
          16          17          -5   0.0000000000000000     
          16          17          -4   0.0000000000000000     
          16          17          -3   0.0000000000000000     
          16          17          -2   0.0000000000000000     
          16          17          -1   1.0141554621169892E-002
          16          17           0   5.3846982879696303E-002
          16          17           1   1.0141554621169885E-002
          16          17           2   0.0000000000000000     
          16          17           3   0.0000000000000000     
          16          17           4   0.0000000000000000     
          16          17           5   0.0000000000000000     
          16          18          -5   0.0000000000000000     
          16          18          -4   0.0000000000000000     
          16          18          -3   0.0000000000000000     
          16          18          -2   0.0000000000000000     
          16          18          -1   5.2466689914175309E-003
          16          18           0   6.3631361839346756E-002
          16          18           1   5.2466689914175309E-003
          16          18           2   0.0000000000000000     
          16          18           3   0.0000000000000000     
          16          18           4   0.0000000000000000     
          16          18           5   0.0000000000000000     
          16          19          -5   0.0000000000000000     
          16          19          -4   0.0000000000000000     
          16          19          -3   0.0000000000000000     
          16          19          -2   0.0000000000000000     
          16          19          -1   2.1277607312481222E-003
          16          19           0   3.4522147484728954E-002
          16          19           1   2.1277607312481226E-003
          16          19           2   0.0000000000000000     
          16          19           3   0.0000000000000000     
          16          19           4   0.0000000000000000     
          16          19           5   0.0000000000000000     
          16          20          -5   0.0000000000000000     
          16          20          -4   0.0000000000000000     
          16          20          -3   0.0000000000000000     
          16          20          -2   0.0000000000000000     
          16          20          -1   5.5583084532606544E-004
          16          20           0   8.0115776488230289E-003
          16          20           1   5.5583084532606544E-004
          16          20           2   0.0000000000000000     
          16          20           3   0.0000000000000000     
          16          20           4   0.0000000000000000     
          16          20           5   0.0000000000000000     
          17           1          -5   0.0000000000000000     
          17           1          -4   0.0000000000000000     
          17           1          -3   0.0000000000000000     
          17           1          -2   0.0000000000000000     
          17           1          -1   5.5583084532606674E-004
          17           1           0   8.0115776488230428E-003
          17           1           1   5.5583084532606674E-004
          17           1           2   0.0000000000000000     
          17           1           3   0.0000000000000000     
          17           1           4   0.0000000000000000     
          17           1           5   0.0000000000000000     
          17           2          -5   0.0000000000000000     
          17           2          -4   0.0000000000000000     
          17           2          -3   0.0000000000000000     
          17           2          -2   0.0000000000000000     
          17           2          -1   2.4164965763225987E-005
          17           2           0   1.6763045506938761E-003
          17           2           1   2.4164965763225973E-005
          17           2           2   0.0000000000000000     
          17           2           3   0.0000000000000000     
          17           2           4   0.0000000000000000     
          17           2           5   0.0000000000000000     
          17           3          -5   0.0000000000000000     
          17           3          -4   0.0000000000000000     
          17           3          -3   0.0000000000000000     
          17           3          -2   0.0000000000000000     
          17           3          -1   0.0000000000000000     
          17           3           0   0.0000000000000000     
          17           3           1   0.0000000000000000     
          17           3           2   0.0000000000000000     
          17           3           3   0.0000000000000000     
          17           3           4   0.0000000000000000     
          17           3           5   0.0000000000000000     
          17           4          -5   0.0000000000000000     
          17           4          -4   0.0000000000000000     
          17           4          -3   0.0000000000000000     
          17           4          -2   0.0000000000000000     
          17           4          -1   0.0000000000000000     
          17           4           0   0.0000000000000000     
          17           4           1   0.0000000000000000     
          17           4           2   0.0000000000000000     
          17           4           3   0.0000000000000000     
          17           4           4   0.0000000000000000     
          17           4           5   0.0000000000000000     
          17           5          -5   0.0000000000000000     
          17           5          -4   0.0000000000000000     
          17           5          -3   0.0000000000000000     
          17           5          -2   0.0000000000000000     
          17           5          -1   0.0000000000000000     
          17           5           0   0.0000000000000000     
          17           5           1   0.0000000000000000     
          17           5           2   0.0000000000000000     
          17           5           3   0.0000000000000000     
          17           5           4   0.0000000000000000     
          17           5           5   0.0000000000000000     
          17           6          -5   0.0000000000000000     
          17           6          -4   0.0000000000000000     
          17           6          -3   0.0000000000000000     
          17           6          -2   0.0000000000000000     
          17           6          -1   0.0000000000000000     
          17           6           0   0.0000000000000000     
          17           6           1   0.0000000000000000     
          17           6           2   0.0000000000000000     
          17           6           3   0.0000000000000000     
          17           6           4   0.0000000000000000     
          17           6           5   0.0000000000000000     
          17           7          -5   0.0000000000000000     
          17           7          -4   0.0000000000000000     
          17           7          -3   0.0000000000000000     
          17           7          -2   0.0000000000000000     
          17           7          -1   0.0000000000000000     
          17           7           0   0.0000000000000000     
          17           7           1   0.0000000000000000     
          17           7           2   0.0000000000000000     
          17           7           3   0.0000000000000000     
          17           7           4   0.0000000000000000     
          17           7           5   0.0000000000000000     
          17           8          -5   0.0000000000000000     
          17           8          -4   0.0000000000000000     
          17           8          -3   0.0000000000000000     
          17           8          -2   0.0000000000000000     
          17           8          -1   0.0000000000000000     
          17           8           0   0.0000000000000000     
          17           8           1   0.0000000000000000     
          17           8           2   0.0000000000000000     
          17           8           3   0.0000000000000000     
          17           8           4   0.0000000000000000     
          17           8           5   0.0000000000000000     
          17           9          -5   0.0000000000000000     
          17           9          -4   0.0000000000000000     
          17           9          -3   0.0000000000000000     
          17           9          -2   0.0000000000000000     
          17           9          -1   0.0000000000000000     
          17           9           0   0.0000000000000000     
          17           9           1   0.0000000000000000     
          17           9           2   0.0000000000000000     
          17           9           3   0.0000000000000000     
          17           9           4   0.0000000000000000     
          17           9           5   0.0000000000000000     
          17          10          -5   0.0000000000000000     
          17          10          -4   0.0000000000000000     
          17          10          -3   0.0000000000000000     
          17          10          -2   0.0000000000000000     
          17          10          -1   0.0000000000000000     
          17          10           0   0.0000000000000000     
          17          10           1   0.0000000000000000     
          17          10           2   0.0000000000000000     
          17          10           3   0.0000000000000000     
          17          10           4   0.0000000000000000     
          17          10           5   0.0000000000000000     
          17          11          -5   0.0000000000000000     
          17          11          -4   0.0000000000000000     
          17          11          -3   0.0000000000000000     
          17          11          -2   0.0000000000000000     
          17          11          -1   0.0000000000000000     
          17          11           0   0.0000000000000000     
          17          11           1   0.0000000000000000     
          17          11           2   0.0000000000000000     
          17          11           3   0.0000000000000000     
          17          11           4   0.0000000000000000     
          17          11           5   0.0000000000000000     
          17          12          -5   0.0000000000000000     
          17          12          -4   0.0000000000000000     
          17          12          -3   0.0000000000000000     
          17          12          -2   0.0000000000000000     
          17          12          -1   2.4164965763225167E-005
          17          12           0   1.6763045506943122E-003
          17          12           1   2.4164965763225167E-005
          17          12           2   0.0000000000000000     
          17          12           3   0.0000000000000000     
          17          12           4   0.0000000000000000     
          17          12           5   0.0000000000000000     
          17          13          -5   0.0000000000000000     
          17          13          -4   0.0000000000000000     
          17          13          -3   0.0000000000000000     
          17          13          -2   0.0000000000000000     
          17          13          -1   5.5583084532604668E-004
          17          13           0   8.0115776488313608E-003
          17          13           1   5.5583084532604657E-004
          17          13           2   0.0000000000000000     
          17          13           3   0.0000000000000000     
          17          13           4   0.0000000000000000     
          17          13           5   0.0000000000000000     
          17          14          -5   0.0000000000000000     
          17          14          -4   0.0000000000000000     
          17          14          -3   0.0000000000000000     
          17          14          -2   0.0000000000000000     
          17          14          -1   2.1277607312479461E-003
          17          14           0   3.4522147484689389E-002
          17          14           1   2.1277607312479457E-003
          17          14           2   0.0000000000000000     
          17          14           3   0.0000000000000000     
          17          14           4   0.0000000000000000     
          17          14           5   0.0000000000000000     
          17          15          -5   0.0000000000000000     
          17          15          -4   0.0000000000000000     
          17          15          -3   0.0000000000000000     
          17          15          -2   0.0000000000000000     
          17          15          -1   5.2466689914177460E-003
          17          15           0   6.3631361839350517E-002
          17          15           1   5.2466689914177468E-003
          17          15           2   0.0000000000000000     
          17          15           3   0.0000000000000000     
          17          15           4   0.0000000000000000     
          17          15           5   0.0000000000000000     
          17          16          -5   0.0000000000000000     
          17          16          -4   0.0000000000000000     
          17          16          -3   0.0000000000000000     
          17          16          -2   0.0000000000000000     
          17          16          -1   1.0141554621169589E-002
          17          16           0   5.3846982879696539E-002
          17          16           1   1.0141554621169592E-002
          17          16           2   0.0000000000000000     
          17          16           3   0.0000000000000000     
          17          16           4   0.0000000000000000     
          17          16           5   0.0000000000000000     
          17          17          -5   0.0000000000000000     
          17          17          -4   0.0000000000000000     
          17          17          -3   0.0000000000000000     
          17          17          -2   0.0000000000000000     
          17          17          -1   1.3433582459019497E-002
          17          17           0   4.8912364902896320E-002
          17          17           1   1.3433582459019511E-002
          17          17           2   0.0000000000000000     
          17          17           3   0.0000000000000000     
          17          17           4   0.0000000000000000     
          17          17           5   0.0000000000000000     
          17          18          -5   0.0000000000000000     
          17          18          -4   0.0000000000000000     
          17          18          -3   0.0000000000000000     
          17          18          -2   0.0000000000000000     
          17          18          -1   1.0141554621169897E-002
          17          18           0   5.3846982879696512E-002
          17          18           1   1.0141554621169892E-002
          17          18           2   0.0000000000000000     
          17          18           3   0.0000000000000000     
          17          18           4   0.0000000000000000     
          17          18           5   0.0000000000000000     
          17          19          -5   0.0000000000000000     
          17          19          -4   0.0000000000000000     
          17          19          -3   0.0000000000000000     
          17          19          -2   0.0000000000000000     
          17          19          -1   5.2466689914175448E-003
          17          19           0   6.3631361839347117E-002
          17          19           1   5.2466689914175448E-003
          17          19           2   0.0000000000000000     
          17          19           3   0.0000000000000000     
          17          19           4   0.0000000000000000     
          17          19           5   0.0000000000000000     
          17          20          -5   0.0000000000000000     
          17          20          -4   0.0000000000000000     
          17          20          -3   0.0000000000000000     
          17          20          -2   0.0000000000000000     
          17          20          -1   2.1277607312481257E-003
          17          20           0   3.4522147484729031E-002
          17          20           1   2.1277607312481270E-003
          17          20           2   0.0000000000000000     
          17          20           3   0.0000000000000000     
          17          20           4   0.0000000000000000     
          17          20           5   0.0000000000000000     
          18           1          -5   0.0000000000000000     
          18           1          -4   0.0000000000000000     
          18           1          -3   0.0000000000000000     
          18           1          -2   0.0000000000000000     
          18           1          -1   2.1277607312481244E-003
          18           1           0   3.4522147484728982E-002
          18           1           1   2.1277607312481252E-003
          18           1           2   0.0000000000000000     
          18           1           3   0.0000000000000000     
          18           1           4   0.0000000000000000     
          18           1           5   0.0000000000000000     
          18           2          -5   0.0000000000000000     
          18           2          -4   0.0000000000000000     
          18           2          -3   0.0000000000000000     
          18           2          -2   0.0000000000000000     
          18           2          -1   5.5583084532606609E-004
          18           2           0   8.0115776488230359E-003
          18           2           1   5.5583084532606609E-004
          18           2           2   0.0000000000000000     
          18           2           3   0.0000000000000000     
          18           2           4   0.0000000000000000     
          18           2           5   0.0000000000000000     
          18           3          -5   0.0000000000000000     
          18           3          -4   0.0000000000000000     
          18           3          -3   0.0000000000000000     
          18           3          -2   0.0000000000000000     
          18           3          -1   2.4164965763225940E-005
          18           3           0   1.6763045506938664E-003
          18           3           1   2.4164965763225933E-005
          18           3           2   0.0000000000000000     
          18           3           3   0.0000000000000000     
          18           3           4   0.0000000000000000     
          18           3           5   0.0000000000000000     
          18           4          -5   0.0000000000000000     
          18           4          -4   0.0000000000000000     
          18           4          -3   0.0000000000000000     
          18           4          -2   0.0000000000000000     
          18           4          -1   0.0000000000000000     
          18           4           0   0.0000000000000000     
          18           4           1   0.0000000000000000     
          18           4           2   0.0000000000000000     
          18           4           3   0.0000000000000000     
          18           4           4   0.0000000000000000     
          18           4           5   0.0000000000000000     
          18           5          -5   0.0000000000000000     
          18           5          -4   0.0000000000000000     
          18           5          -3   0.0000000000000000     
          18           5          -2   0.0000000000000000     
          18           5          -1   0.0000000000000000     
          18           5           0   0.0000000000000000     
          18           5           1   0.0000000000000000     
          18           5           2   0.0000000000000000     
          18           5           3   0.0000000000000000     
          18           5           4   0.0000000000000000     
          18           5           5   0.0000000000000000     
          18           6          -5   0.0000000000000000     
          18           6          -4   0.0000000000000000     
          18           6          -3   0.0000000000000000     
          18           6          -2   0.0000000000000000     
          18           6          -1   0.0000000000000000     
          18           6           0   0.0000000000000000     
          18           6           1   0.0000000000000000     
          18           6           2   0.0000000000000000     
          18           6           3   0.0000000000000000     
          18           6           4   0.0000000000000000     
          18           6           5   0.0000000000000000     
          18           7          -5   0.0000000000000000     
          18           7          -4   0.0000000000000000     
          18           7          -3   0.0000000000000000     
          18           7          -2   0.0000000000000000     
          18           7          -1   0.0000000000000000     
          18           7           0   0.0000000000000000     
          18           7           1   0.0000000000000000     
          18           7           2   0.0000000000000000     
          18           7           3   0.0000000000000000     
          18           7           4   0.0000000000000000     
          18           7           5   0.0000000000000000     
          18           8          -5   0.0000000000000000     
          18           8          -4   0.0000000000000000     
          18           8          -3   0.0000000000000000     
          18           8          -2   0.0000000000000000     
          18           8          -1   0.0000000000000000     
          18           8           0   0.0000000000000000     
          18           8           1   0.0000000000000000     
          18           8           2   0.0000000000000000     
          18           8           3   0.0000000000000000     
          18           8           4   0.0000000000000000     
          18           8           5   0.0000000000000000     
          18           9          -5   0.0000000000000000     
          18           9          -4   0.0000000000000000     
          18           9          -3   0.0000000000000000     
          18           9          -2   0.0000000000000000     
          18           9          -1   0.0000000000000000     
          18           9           0   0.0000000000000000     
          18           9           1   0.0000000000000000     
          18           9           2   0.0000000000000000     
          18           9           3   0.0000000000000000     
          18           9           4   0.0000000000000000     
          18           9           5   0.0000000000000000     
          18          10          -5   0.0000000000000000     
          18          10          -4   0.0000000000000000     
          18          10          -3   0.0000000000000000     
          18          10          -2   0.0000000000000000     
          18          10          -1   0.0000000000000000     
          18          10           0   0.0000000000000000     
          18          10           1   0.0000000000000000     
          18          10           2   0.0000000000000000     
          18          10           3   0.0000000000000000     
          18          10           4   0.0000000000000000     
          18          10           5   0.0000000000000000     
          18          11          -5   0.0000000000000000     
          18          11          -4   0.0000000000000000     
          18          11          -3   0.0000000000000000     
          18          11          -2   0.0000000000000000     
          18          11          -1   0.0000000000000000     
          18          11           0   0.0000000000000000     
          18          11           1   0.0000000000000000     
          18          11           2   0.0000000000000000     
          18          11           3   0.0000000000000000     
          18          11           4   0.0000000000000000     
          18          11           5   0.0000000000000000     
          18          12          -5   0.0000000000000000     
          18          12          -4   0.0000000000000000     
          18          12          -3   0.0000000000000000     
          18          12          -2   0.0000000000000000     
          18          12          -1   0.0000000000000000     
          18          12           0   0.0000000000000000     
          18          12           1   0.0000000000000000     
          18          12           2   0.0000000000000000     
          18          12           3   0.0000000000000000     
          18          12           4   0.0000000000000000     
          18          12           5   0.0000000000000000     
          18          13          -5   0.0000000000000000     
          18          13          -4   0.0000000000000000     
          18          13          -3   0.0000000000000000     
          18          13          -2   0.0000000000000000     
          18          13          -1   2.4164965763225167E-005
          18          13           0   1.6763045506943122E-003
          18          13           1   2.4164965763225167E-005
          18          13           2   0.0000000000000000     
          18          13           3   0.0000000000000000     
          18          13           4   0.0000000000000000     
          18          13           5   0.0000000000000000     
          18          14          -5   0.0000000000000000     
          18          14          -4   0.0000000000000000     
          18          14          -3   0.0000000000000000     
          18          14          -2   0.0000000000000000     
          18          14          -1   5.5583084532604679E-004
          18          14           0   8.0115776488313608E-003
          18          14           1   5.5583084532604668E-004
          18          14           2   0.0000000000000000     
          18          14           3   0.0000000000000000     
          18          14           4   0.0000000000000000     
          18          14           5   0.0000000000000000     
          18          15          -5   0.0000000000000000     
          18          15          -4   0.0000000000000000     
          18          15          -3   0.0000000000000000     
          18          15          -2   0.0000000000000000     
          18          15          -1   2.1277607312479466E-003
          18          15           0   3.4522147484689389E-002
          18          15           1   2.1277607312479461E-003
          18          15           2   0.0000000000000000     
          18          15           3   0.0000000000000000     
          18          15           4   0.0000000000000000     
          18          15           5   0.0000000000000000     
          18          16          -5   0.0000000000000000     
          18          16          -4   0.0000000000000000     
          18          16          -3   0.0000000000000000     
          18          16          -2   0.0000000000000000     
          18          16          -1   5.2466689914177503E-003
          18          16           0   6.3631361839350697E-002
          18          16           1   5.2466689914177512E-003
          18          16           2   0.0000000000000000     
          18          16           3   0.0000000000000000     
          18          16           4   0.0000000000000000     
          18          16           5   0.0000000000000000     
          18          17          -5   0.0000000000000000     
          18          17          -4   0.0000000000000000     
          18          17          -3   0.0000000000000000     
          18          17          -2   0.0000000000000000     
          18          17          -1   1.0141554621169592E-002
          18          17           0   5.3846982879696664E-002
          18          17           1   1.0141554621169594E-002
          18          17           2   0.0000000000000000     
          18          17           3   0.0000000000000000     
          18          17           4   0.0000000000000000     
          18          17           5   0.0000000000000000     
          18          18          -5   0.0000000000000000     
          18          18          -4   0.0000000000000000     
          18          18          -3   0.0000000000000000     
          18          18          -2   0.0000000000000000     
          18          18          -1   1.3433582459019499E-002
          18          18           0   4.8912364902896320E-002
          18          18           1   1.3433582459019513E-002
          18          18           2   0.0000000000000000     
          18          18           3   0.0000000000000000     
          18          18           4   0.0000000000000000     
          18          18           5   0.0000000000000000     
          18          19          -5   0.0000000000000000     
          18          19          -4   0.0000000000000000     
          18          19          -3   0.0000000000000000     
          18          19          -2   0.0000000000000000     
          18          19          -1   1.0141554621169896E-002
          18          19           0   5.3846982879696491E-002
          18          19           1   1.0141554621169889E-002
          18          19           2   0.0000000000000000     
          18          19           3   0.0000000000000000     
          18          19           4   0.0000000000000000     
          18          19           5   0.0000000000000000     
          18          20          -5   0.0000000000000000     
          18          20          -4   0.0000000000000000     
          18          20          -3   0.0000000000000000     
          18          20          -2   0.0000000000000000     
          18          20          -1   5.2466689914175387E-003
          18          20           0   6.3631361839347020E-002
          18          20           1   5.2466689914175387E-003
          18          20           2   0.0000000000000000     
          18          20           3   0.0000000000000000     
          18          20           4   0.0000000000000000     
          18          20           5   0.0000000000000000     
          19           1          -5   0.0000000000000000     
          19           1          -4   0.0000000000000000     
          19           1          -3   0.0000000000000000     
          19           1          -2   0.0000000000000000     
          19           1          -1   5.2466689914175378E-003
          19           1           0   6.3631361839346992E-002
          19           1           1   5.2466689914175369E-003
          19           1           2   0.0000000000000000     
          19           1           3   0.0000000000000000     
          19           1           4   0.0000000000000000     
          19           1           5   0.0000000000000000     
          19           2          -5   0.0000000000000000     
          19           2          -4   0.0000000000000000     
          19           2          -3   0.0000000000000000     
          19           2          -2   0.0000000000000000     
          19           2          -1   2.1277607312481231E-003
          19           2           0   3.4522147484728989E-002
          19           2           1   2.1277607312481235E-003
          19           2           2   0.0000000000000000     
          19           2           3   0.0000000000000000     
          19           2           4   0.0000000000000000     
          19           2           5   0.0000000000000000     
          19           3          -5   0.0000000000000000     
          19           3          -4   0.0000000000000000     
          19           3          -3   0.0000000000000000     
          19           3          -2   0.0000000000000000     
          19           3          -1   5.5583084532606587E-004
          19           3           0   8.0115776488230359E-003
          19           3           1   5.5583084532606565E-004
          19           3           2   0.0000000000000000     
          19           3           3   0.0000000000000000     
          19           3           4   0.0000000000000000     
          19           3           5   0.0000000000000000     
          19           4          -5   0.0000000000000000     
          19           4          -4   0.0000000000000000     
          19           4          -3   0.0000000000000000     
          19           4          -2   0.0000000000000000     
          19           4          -1   2.4164965763225936E-005
          19           4           0   1.6763045506938674E-003
          19           4           1   2.4164965763225926E-005
          19           4           2   0.0000000000000000     
          19           4           3   0.0000000000000000     
          19           4           4   0.0000000000000000     
          19           4           5   0.0000000000000000     
          19           5          -5   0.0000000000000000     
          19           5          -4   0.0000000000000000     
          19           5          -3   0.0000000000000000     
          19           5          -2   0.0000000000000000     
          19           5          -1   0.0000000000000000     
          19           5           0   0.0000000000000000     
          19           5           1   0.0000000000000000     
          19           5           2   0.0000000000000000     
          19           5           3   0.0000000000000000     
          19           5           4   0.0000000000000000     
          19           5           5   0.0000000000000000     
          19           6          -5   0.0000000000000000     
          19           6          -4   0.0000000000000000     
          19           6          -3   0.0000000000000000     
          19           6          -2   0.0000000000000000     
          19           6          -1   0.0000000000000000     
          19           6           0   0.0000000000000000     
          19           6           1   0.0000000000000000     
          19           6           2   0.0000000000000000     
          19           6           3   0.0000000000000000     
          19           6           4   0.0000000000000000     
          19           6           5   0.0000000000000000     
          19           7          -5   0.0000000000000000     
          19           7          -4   0.0000000000000000     
          19           7          -3   0.0000000000000000     
          19           7          -2   0.0000000000000000     
          19           7          -1   0.0000000000000000     
          19           7           0   0.0000000000000000     
          19           7           1   0.0000000000000000     
          19           7           2   0.0000000000000000     
          19           7           3   0.0000000000000000     
          19           7           4   0.0000000000000000     
          19           7           5   0.0000000000000000     
          19           8          -5   0.0000000000000000     
          19           8          -4   0.0000000000000000     
          19           8          -3   0.0000000000000000     
          19           8          -2   0.0000000000000000     
          19           8          -1   0.0000000000000000     
          19           8           0   0.0000000000000000     
          19           8           1   0.0000000000000000     
          19           8           2   0.0000000000000000     
          19           8           3   0.0000000000000000     
          19           8           4   0.0000000000000000     
          19           8           5   0.0000000000000000     
          19           9          -5   0.0000000000000000     
          19           9          -4   0.0000000000000000     
          19           9          -3   0.0000000000000000     
          19           9          -2   0.0000000000000000     
          19           9          -1   0.0000000000000000     
          19           9           0   0.0000000000000000     
          19           9           1   0.0000000000000000     
          19           9           2   0.0000000000000000     
          19           9           3   0.0000000000000000     
          19           9           4   0.0000000000000000     
          19           9           5   0.0000000000000000     
          19          10          -5   0.0000000000000000     
          19          10          -4   0.0000000000000000     
          19          10          -3   0.0000000000000000     
          19          10          -2   0.0000000000000000     
          19          10          -1   0.0000000000000000     
          19          10           0   0.0000000000000000     
          19          10           1   0.0000000000000000     
          19          10           2   0.0000000000000000     
          19          10           3   0.0000000000000000     
          19          10           4   0.0000000000000000     
          19          10           5   0.0000000000000000     
          19          11          -5   0.0000000000000000     
          19          11          -4   0.0000000000000000     
          19          11          -3   0.0000000000000000     
          19          11          -2   0.0000000000000000     
          19          11          -1   0.0000000000000000     
          19          11           0   0.0000000000000000     
          19          11           1   0.0000000000000000     
          19          11           2   0.0000000000000000     
          19          11           3   0.0000000000000000     
          19          11           4   0.0000000000000000     
          19          11           5   0.0000000000000000     
          19          12          -5   0.0000000000000000     
          19          12          -4   0.0000000000000000     
          19          12          -3   0.0000000000000000     
          19          12          -2   0.0000000000000000     
          19          12          -1   0.0000000000000000     
          19          12           0   0.0000000000000000     
          19          12           1   0.0000000000000000     
          19          12           2   0.0000000000000000     
          19          12           3   0.0000000000000000     
          19          12           4   0.0000000000000000     
          19          12           5   0.0000000000000000     
          19          13          -5   0.0000000000000000     
          19          13          -4   0.0000000000000000     
          19          13          -3   0.0000000000000000     
          19          13          -2   0.0000000000000000     
          19          13          -1   0.0000000000000000     
          19          13           0   0.0000000000000000     
          19          13           1   0.0000000000000000     
          19          13           2   0.0000000000000000     
          19          13           3   0.0000000000000000     
          19          13           4   0.0000000000000000     
          19          13           5   0.0000000000000000     
          19          14          -5   0.0000000000000000     
          19          14          -4   0.0000000000000000     
          19          14          -3   0.0000000000000000     
          19          14          -2   0.0000000000000000     
          19          14          -1   2.4164965763225167E-005
          19          14           0   1.6763045506943122E-003
          19          14           1   2.4164965763225167E-005
          19          14           2   0.0000000000000000     
          19          14           3   0.0000000000000000     
          19          14           4   0.0000000000000000     
          19          14           5   0.0000000000000000     
          19          15          -5   0.0000000000000000     
          19          15          -4   0.0000000000000000     
          19          15          -3   0.0000000000000000     
          19          15          -2   0.0000000000000000     
          19          15          -1   5.5583084532604679E-004
          19          15           0   8.0115776488313608E-003
          19          15           1   5.5583084532604668E-004
          19          15           2   0.0000000000000000     
          19          15           3   0.0000000000000000     
          19          15           4   0.0000000000000000     
          19          15           5   0.0000000000000000     
          19          16          -5   0.0000000000000000     
          19          16          -4   0.0000000000000000     
          19          16          -3   0.0000000000000000     
          19          16          -2   0.0000000000000000     
          19          16          -1   2.1277607312479466E-003
          19          16           0   3.4522147484689389E-002
          19          16           1   2.1277607312479461E-003
          19          16           2   0.0000000000000000     
          19          16           3   0.0000000000000000     
          19          16           4   0.0000000000000000     
          19          16           5   0.0000000000000000     
          19          17          -5   0.0000000000000000     
          19          17          -4   0.0000000000000000     
          19          17          -3   0.0000000000000000     
          19          17          -2   0.0000000000000000     
          19          17          -1   5.2466689914177503E-003
          19          17           0   6.3631361839350697E-002
          19          17           1   5.2466689914177512E-003
          19          17           2   0.0000000000000000     
          19          17           3   0.0000000000000000     
          19          17           4   0.0000000000000000     
          19          17           5   0.0000000000000000     
          19          18          -5   0.0000000000000000     
          19          18          -4   0.0000000000000000     
          19          18          -3   0.0000000000000000     
          19          18          -2   0.0000000000000000     
          19          18          -1   1.0141554621169592E-002
          19          18           0   5.3846982879696664E-002
          19          18           1   1.0141554621169594E-002
          19          18           2   0.0000000000000000     
          19          18           3   0.0000000000000000     
          19          18           4   0.0000000000000000     
          19          18           5   0.0000000000000000     
          19          19          -5   0.0000000000000000     
          19          19          -4   0.0000000000000000     
          19          19          -3   0.0000000000000000     
          19          19          -2   0.0000000000000000     
          19          19          -1   1.3433582459019499E-002
          19          19           0   4.8912364902896320E-002
          19          19           1   1.3433582459019513E-002
          19          19           2   0.0000000000000000     
          19          19           3   0.0000000000000000     
          19          19           4   0.0000000000000000     
          19          19           5   0.0000000000000000     
          19          20          -5   0.0000000000000000     
          19          20          -4   0.0000000000000000     
          19          20          -3   0.0000000000000000     
          19          20          -2   0.0000000000000000     
          19          20          -1   1.0141554621169896E-002
          19          20           0   5.3846982879696470E-002
          19          20           1   1.0141554621169889E-002
          19          20           2   0.0000000000000000     
          19          20           3   0.0000000000000000     
          19          20           4   0.0000000000000000     
          19          20           5   0.0000000000000000     
          20           1          -5   0.0000000000000000     
          20           1          -4   0.0000000000000000     
          20           1          -3   0.0000000000000000     
          20           1          -2   0.0000000000000000     
          20           1          -1   1.0141554621169897E-002
          20           1           0   5.3846982879696512E-002
          20           1           1   1.0141554621169892E-002
          20           1           2   0.0000000000000000     
          20           1           3   0.0000000000000000     
          20           1           4   0.0000000000000000     
          20           1           5   0.0000000000000000     
          20           2          -5   0.0000000000000000     
          20           2          -4   0.0000000000000000     
          20           2          -3   0.0000000000000000     
          20           2          -2   0.0000000000000000     
          20           2          -1   5.2466689914175387E-003
          20           2           0   6.3631361839347270E-002
          20           2           1   5.2466689914175387E-003
          20           2           2   0.0000000000000000     
          20           2           3   0.0000000000000000     
          20           2           4   0.0000000000000000     
          20           2           5   0.0000000000000000     
          20           3          -5   0.0000000000000000     
          20           3          -4   0.0000000000000000     
          20           3          -3   0.0000000000000000     
          20           3          -2   0.0000000000000000     
          20           3          -1   2.1277607312481270E-003
          20           3           0   3.4522147484729038E-002
          20           3           1   2.1277607312481283E-003
          20           3           2   0.0000000000000000     
          20           3           3   0.0000000000000000     
          20           3           4   0.0000000000000000     
          20           3           5   0.0000000000000000     
          20           4          -5   0.0000000000000000     
          20           4          -4   0.0000000000000000     
          20           4          -3   0.0000000000000000     
          20           4          -2   0.0000000000000000     
          20           4          -1   5.5583084532606674E-004
          20           4           0   8.0115776488230428E-003
          20           4           1   5.5583084532606674E-004
          20           4           2   0.0000000000000000     
          20           4           3   0.0000000000000000     
          20           4           4   0.0000000000000000     
          20           4           5   0.0000000000000000     
          20           5          -5   0.0000000000000000     
          20           5          -4   0.0000000000000000     
          20           5          -3   0.0000000000000000     
          20           5          -2   0.0000000000000000     
          20           5          -1   2.4164965763225987E-005
          20           5           0   1.6763045506938761E-003
          20           5           1   2.4164965763225973E-005
          20           5           2   0.0000000000000000     
          20           5           3   0.0000000000000000     
          20           5           4   0.0000000000000000     
          20           5           5   0.0000000000000000     
          20           6          -5   0.0000000000000000     
          20           6          -4   0.0000000000000000     
          20           6          -3   0.0000000000000000     
          20           6          -2   0.0000000000000000     
          20           6          -1   0.0000000000000000     
          20           6           0   0.0000000000000000     
          20           6           1   0.0000000000000000     
          20           6           2   0.0000000000000000     
          20           6           3   0.0000000000000000     
          20           6           4   0.0000000000000000     
          20           6           5   0.0000000000000000     
          20           7          -5   0.0000000000000000     
          20           7          -4   0.0000000000000000     
          20           7          -3   0.0000000000000000     
          20           7          -2   0.0000000000000000     
          20           7          -1   0.0000000000000000     
          20           7           0   0.0000000000000000     
          20           7           1   0.0000000000000000     
          20           7           2   0.0000000000000000     
          20           7           3   0.0000000000000000     
          20           7           4   0.0000000000000000     
          20           7           5   0.0000000000000000     
          20           8          -5   0.0000000000000000     
          20           8          -4   0.0000000000000000     
          20           8          -3   0.0000000000000000     
          20           8          -2   0.0000000000000000     
          20           8          -1   0.0000000000000000     
          20           8           0   0.0000000000000000     
          20           8           1   0.0000000000000000     
          20           8           2   0.0000000000000000     
          20           8           3   0.0000000000000000     
          20           8           4   0.0000000000000000     
          20           8           5   0.0000000000000000     
          20           9          -5   0.0000000000000000     
          20           9          -4   0.0000000000000000     
          20           9          -3   0.0000000000000000     
          20           9          -2   0.0000000000000000     
          20           9          -1   0.0000000000000000     
          20           9           0   0.0000000000000000     
          20           9           1   0.0000000000000000     
          20           9           2   0.0000000000000000     
          20           9           3   0.0000000000000000     
          20           9           4   0.0000000000000000     
          20           9           5   0.0000000000000000     
          20          10          -5   0.0000000000000000     
          20          10          -4   0.0000000000000000     
          20          10          -3   0.0000000000000000     
          20          10          -2   0.0000000000000000     
          20          10          -1   0.0000000000000000     
          20          10           0   0.0000000000000000     
          20          10           1   0.0000000000000000     
          20          10           2   0.0000000000000000     
          20          10           3   0.0000000000000000     
          20          10           4   0.0000000000000000     
          20          10           5   0.0000000000000000     
          20          11          -5   0.0000000000000000     
          20          11          -4   0.0000000000000000     
          20          11          -3   0.0000000000000000     
          20          11          -2   0.0000000000000000     
          20          11          -1   0.0000000000000000     
          20          11           0   0.0000000000000000     
          20          11           1   0.0000000000000000     
          20          11           2   0.0000000000000000     
          20          11           3   0.0000000000000000     
          20          11           4   0.0000000000000000     
          20          11           5   0.0000000000000000     
          20          12          -5   0.0000000000000000     
          20          12          -4   0.0000000000000000     
          20          12          -3   0.0000000000000000     
          20          12          -2   0.0000000000000000     
          20          12          -1   0.0000000000000000     
          20          12           0   0.0000000000000000     
          20          12           1   0.0000000000000000     
          20          12           2   0.0000000000000000     
          20          12           3   0.0000000000000000     
          20          12           4   0.0000000000000000     
          20          12           5   0.0000000000000000     
          20          13          -5   0.0000000000000000     
          20          13          -4   0.0000000000000000     
          20          13          -3   0.0000000000000000     
          20          13          -2   0.0000000000000000     
          20          13          -1   0.0000000000000000     
          20          13           0   0.0000000000000000     
          20          13           1   0.0000000000000000     
          20          13           2   0.0000000000000000     
          20          13           3   0.0000000000000000     
          20          13           4   0.0000000000000000     
          20          13           5   0.0000000000000000     
          20          14          -5   0.0000000000000000     
          20          14          -4   0.0000000000000000     
          20          14          -3   0.0000000000000000     
          20          14          -2   0.0000000000000000     
          20          14          -1   0.0000000000000000     
          20          14           0   0.0000000000000000     
          20          14           1   0.0000000000000000     
          20          14           2   0.0000000000000000     
          20          14           3   0.0000000000000000     
          20          14           4   0.0000000000000000     
          20          14           5   0.0000000000000000     
          20          15          -5   0.0000000000000000     
          20          15          -4   0.0000000000000000     
          20          15          -3   0.0000000000000000     
          20          15          -2   0.0000000000000000     
          20          15          -1   2.4164965763225167E-005
          20          15           0   1.6763045506943122E-003
          20          15           1   2.4164965763225167E-005
          20          15           2   0.0000000000000000     
          20          15           3   0.0000000000000000     
          20          15           4   0.0000000000000000     
          20          15           5   0.0000000000000000     
          20          16          -5   0.0000000000000000     
          20          16          -4   0.0000000000000000     
          20          16          -3   0.0000000000000000     
          20          16          -2   0.0000000000000000     
          20          16          -1   5.5583084532604668E-004
          20          16           0   8.0115776488313608E-003
          20          16           1   5.5583084532604657E-004
          20          16           2   0.0000000000000000     
          20          16           3   0.0000000000000000     
          20          16           4   0.0000000000000000     
          20          16           5   0.0000000000000000     
          20          17          -5   0.0000000000000000     
          20          17          -4   0.0000000000000000     
          20          17          -3   0.0000000000000000     
          20          17          -2   0.0000000000000000     
          20          17          -1   2.1277607312479461E-003
          20          17           0   3.4522147484689389E-002
          20          17           1   2.1277607312479457E-003
          20          17           2   0.0000000000000000     
          20          17           3   0.0000000000000000     
          20          17           4   0.0000000000000000     
          20          17           5   0.0000000000000000     
          20          18          -5   0.0000000000000000     
          20          18          -4   0.0000000000000000     
          20          18          -3   0.0000000000000000     
          20          18          -2   0.0000000000000000     
          20          18          -1   5.2466689914177460E-003
          20          18           0   6.3631361839350517E-002
          20          18           1   5.2466689914177468E-003
          20          18           2   0.0000000000000000     
          20          18           3   0.0000000000000000     
          20          18           4   0.0000000000000000     
          20          18           5   0.0000000000000000     
          20          19          -5   0.0000000000000000     
          20          19          -4   0.0000000000000000     
          20          19          -3   0.0000000000000000     
          20          19          -2   0.0000000000000000     
          20          19          -1   1.0141554621169589E-002
          20          19           0   5.3846982879696539E-002
          20          19           1   1.0141554621169592E-002
          20          19           2   0.0000000000000000     
          20          19           3   0.0000000000000000     
          20          19           4   0.0000000000000000     
          20          19           5   0.0000000000000000     
          20          20          -5   0.0000000000000000     
          20          20          -4   0.0000000000000000     
          20          20          -3   0.0000000000000000     
          20          20          -2   0.0000000000000000     
          20          20          -1   1.3433582459019497E-002
          20          20           0   4.8912364902896320E-002
          20          20           1   1.3433582459019511E-002
          20          20           2   0.0000000000000000     
          20          20           3   0.0000000000000000     
          20          20           4   0.0000000000000000     
          20          20           5   0.0000000000000000     
